dateAndTime,packeryATP_lighthouse,npsbiWTP_lighthouse
11-20-2013 0000,19.8,20.9
11-20-2013 0100,19.5,20.9
11-20-2013 0200,20.1,20.7
11-20-2013 0300,20,20.6
11-20-2013 0400,20.1,20.6
11-20-2013 0500,20.2,20.5
11-20-2013 0600,20.2,20.5
11-20-2013 0700,20.3,20.5
11-20-2013 0800,20.5,20.5
11-20-2013 0900,20.7,20.4
11-20-2013 1000,20.3,20.4
11-20-2013 1100,20.3,20.3
11-20-2013 1200,20.5,20.3
11-20-2013 1300,20.4,20.3
11-20-2013 1400,20.4,20.3
11-20-2013 1500,20.5,20.4
11-20-2013 1600,21.3,20.6
11-20-2013 1700,22,20.9
11-20-2013 1800,22.9,21.3
11-20-2013 1900,23.7,21.8
11-20-2013 2000,23.8,22.5
11-20-2013 2100,23.3,22
11-20-2013 2200,24.1,21.8
11-20-2013 2300,23.1,21.9
11-21-2013 0000,22.4,22.5
11-21-2013 0100,22.2,22.7
11-21-2013 0200,22.9,22.1
11-21-2013 0300,22.9,22.2
11-21-2013 0400,22.6,22.2
11-21-2013 0500,22.2,22.2
11-21-2013 0600,22.4,22.2
11-21-2013 0700,22.4,22
11-21-2013 0800,21.9,22.2
11-21-2013 0900,22.2,21.8
11-21-2013 1000,22.1,21.8
11-21-2013 1100,22,21.8
11-21-2013 1200,22,21.7
11-21-2013 1300,22.2,21.6
11-21-2013 1400,22.4,21.6
11-21-2013 1500,23.6,21.7
11-21-2013 1600,24.4,22
11-21-2013 1700,25.1,22.4
11-21-2013 1800,25.4,22.8
11-21-2013 1900,25.5,22.9
11-21-2013 2000,25.4,23.4
11-21-2013 2100,25,23.7
11-21-2013 2200,24.6,23.8
11-21-2013 2300,23.9,23.8
11-22-2013 0000,23.2,23.5
11-22-2013 0100,23.2,23.5
11-22-2013 0200,23.1,23.3
11-22-2013 0300,23.5,23.1
11-22-2013 0400,23.3,22.9
11-22-2013 0500,23.3,23
11-22-2013 0600,22.8,22.9
11-22-2013 0700,22.6,22.8
11-22-2013 0800,22.6,22.7
11-22-2013 0900,22.8,22.7
11-22-2013 1000,22.6,22.7
11-22-2013 1100,22.6,22.6
11-22-2013 1200,22.3,22.6
11-22-2013 1300,22,22.6
11-22-2013 1400,22.5,22.6
11-22-2013 1500,23,22.7
11-22-2013 1600,24.2,23
11-22-2013 1700,14.2,22.8
11-22-2013 1800,12.3,22.4
11-22-2013 1900,11.7,22.1
11-22-2013 2000,11.4,21.7
11-22-2013 2100,10.5,21.3
11-22-2013 2200,9.5,20.8
11-22-2013 2300,9.1,20.3
11-23-2013 0000,8.1,19.7
11-23-2013 0100,8.3,19.2
11-23-2013 0200,7.2,19.3
11-23-2013 0300,6.9,18.8
11-23-2013 0400,6.7,18.9
11-23-2013 0500,6.2,18.7
11-23-2013 0600,5.7,18.3
11-23-2013 0700,5.3,17.1
11-23-2013 0800,5.6,17.8
11-23-2013 0900,5.6,17.7
11-23-2013 1000,5.6,17.2
11-23-2013 1100,5.7,16.5
11-23-2013 1200,5.7,16.6
11-23-2013 1300,5.7,16.2
11-23-2013 1400,6.1,16.1
11-23-2013 1500,6.1,15.5
11-23-2013 1600,6.6,15.5
11-23-2013 1700,6.9,15
11-23-2013 1800,7,15
11-23-2013 1900,7.3,14.6
11-23-2013 2000,7.4,14.1
11-23-2013 2100,7.4,14.2
11-23-2013 2200,7.7,13.8
11-23-2013 2300,7.5,13.7
11-24-2013 0000,7.4,13.5
11-24-2013 0100,7.6,13.1
11-24-2013 0200,7.1,12.9
11-24-2013 0300,7.1,13.2
11-24-2013 0400,7.1,13.7
11-24-2013 0500,7.1,13.5
11-24-2013 0600,7.3,12.8
11-24-2013 0700,7.5,12.3
11-24-2013 0800,8,12.9
11-24-2013 0900,8.1,13.2
11-24-2013 1000,8.3,13.2
11-24-2013 1100,8.1,13.1
11-24-2013 1200,8,13
11-24-2013 1300,8,12.9
11-24-2013 1400,8.3,12.2
11-24-2013 1500,7.9,11.4
11-24-2013 1600,7.4,10.6
11-24-2013 1700,6.2,11.1
11-24-2013 1800,6.6,10.6
11-24-2013 1900,7,10.7
11-24-2013 2000,7.1,11
11-24-2013 2100,7.6,10.7
11-24-2013 2200,7.7,10.3
11-24-2013 2300,7.4,9.8
11-25-2013 0000,6.8,9.5
11-25-2013 0100,6.5,9.3
11-25-2013 0200,5.8,9.4
11-25-2013 0300,5.5,9.5
11-25-2013 0400,5.4,9.8
11-25-2013 0500,5.7,10
11-25-2013 0600,6,10
11-25-2013 0700,5.7,9.4
11-25-2013 0800,5.5,9.7
11-25-2013 0900,5.6,9.8
11-25-2013 1000,5.8,9.9
11-25-2013 1100,6.4,9.7
11-25-2013 1200,6,9.5
11-25-2013 1300,6,8.9
11-25-2013 1400,5.6,9.6
11-25-2013 1500,4.8,9.6
11-25-2013 1600,5.1,9.4
11-25-2013 1700,5.2,10
11-25-2013 1800,6,9.7
11-25-2013 1900,5.9,9.3
11-25-2013 2000,6.2,9.3
11-25-2013 2100,6.8,9.3
11-25-2013 2200,7.3,9.4
11-25-2013 2300,7.3,9.3
11-26-2013 0000,6.8,9
11-26-2013 0100,6.4,9
11-26-2013 0200,6.3,9
11-26-2013 0300,6.5,9.1
11-26-2013 0400,6.2,9.1
11-26-2013 0500,6.1,9.1
11-26-2013 0600,5.7,8.9
11-26-2013 0700,6.1,8.7
11-26-2013 0800,5.8,8.5
11-26-2013 0900,5.9,8.4
11-26-2013 1000,6.1,8.4
11-26-2013 1100,6.1,8.4
11-26-2013 1200,6.1,8.1
11-26-2013 1300,6.3,7.9
11-26-2013 1400,6.3,7.8
11-26-2013 1500,6.3,8.2
11-26-2013 1600,6.6,8.5
11-26-2013 1700,7.2,8.5
11-26-2013 1800,7.3,8.6
11-26-2013 1900,7.5,8.4
11-26-2013 2000,7.7,8.2
11-26-2013 2100,8,8.5
11-26-2013 2200,8.4,8.6
11-26-2013 2300,7.9,8.6
11-27-2013 0000,7.8,8.5
11-27-2013 0100,8,8.3
11-27-2013 0200,8.3,8.2
11-27-2013 0300,7.5,8.1
11-27-2013 0400,6.1,8
11-27-2013 0500,5.6,7.9
11-27-2013 0600,6,7.9
11-27-2013 0700,8.2,7.7
11-27-2013 0800,8.2,7.6
11-27-2013 0900,8,7.5
11-27-2013 1000,7.7,7.3
11-27-2013 1100,7.2,7.3
11-27-2013 1200,6.6,7
11-27-2013 1300,6.3,7
11-27-2013 1400,6.1,7.3
11-27-2013 1500,5.6,7.4
11-27-2013 1600,,7.5
11-27-2013 1700,,7.9
11-27-2013 1800,,8.2
11-27-2013 1900,6.8,8.5
11-27-2013 2000,7.4,8.9
11-27-2013 2100,8.4,9.3
11-27-2013 2200,9.2,9.6
11-27-2013 2300,9.5,9.9
11-28-2013 0000,9.3,9
11-28-2013 0100,9.2,9
11-28-2013 0200,8.5,8.8
11-28-2013 0300,8.5,8.6
11-28-2013 0400,8.2,8.3
11-28-2013 0500,8.2,7.9
11-28-2013 0600,7.9,7.7
11-28-2013 0700,7.4,7.6
11-28-2013 0800,7.3,7.5
11-28-2013 0900,7.2,7.5
11-28-2013 1000,7.3,7.5
11-28-2013 1100,7.5,7.7
11-28-2013 1200,7.2,7.3
11-28-2013 1300,7.3,7.6
11-28-2013 1400,7.8,7.6
11-28-2013 1500,7.9,8.1
11-28-2013 1600,8.6,8.3
11-28-2013 1700,9.6,8.6
11-28-2013 1800,10.1,9
11-28-2013 1900,10.7,9.4
11-28-2013 2000,11.4,9.8
11-28-2013 2100,11.5,9.8
11-28-2013 2200,11.7,10.1
11-28-2013 2300,11.7,9.9
11-29-2013 0000,11.6,9.5
11-29-2013 0100,11.4,9.6
11-29-2013 0200,11.1,9.5
11-29-2013 0300,11,9.5
11-29-2013 0400,10.7,9.4
11-29-2013 0500,10.9,9.4
11-29-2013 0600,10.8,9.4
11-29-2013 0700,10.6,9.4
11-29-2013 0800,10.2,9.3
11-29-2013 0900,10,9.3
11-29-2013 1000,9.6,9.3
11-29-2013 1100,9.6,9.2
11-29-2013 1200,9.5,9.2
11-29-2013 1300,9.6,9.2
11-29-2013 1400,10,9.3
11-29-2013 1500,10.8,9.5
11-29-2013 1600,12,9.8
11-29-2013 1700,13.9,10.2
11-29-2013 1800,15.6,11
11-29-2013 1900,15.8,11.1
11-29-2013 2000,15.4,12.2
11-29-2013 2100,15.4,12.2
11-29-2013 2200,15.3,12.6
11-29-2013 2300,15,12.6
11-30-2013 0000,14.8,12.6
11-30-2013 0100,15.2,12.5
11-30-2013 0200,15.5,12.1
11-30-2013 0300,15.7,12.9
11-30-2013 0400,16,12.8
11-30-2013 0500,16.4,12.2
11-30-2013 0600,16.8,12.2
11-30-2013 0700,16.2,12.4
11-30-2013 0800,16.2,12.6
11-30-2013 0900,16.3,12.4
11-30-2013 1000,16.6,12.4
11-30-2013 1100,17.1,12.2
11-30-2013 1200,17,12.1
11-30-2013 1300,16.2,12.2
11-30-2013 1400,16.5,12.3
11-30-2013 1500,14.2,12.4
11-30-2013 1600,16.6,12.6
11-30-2013 1700,20.1,13.5
11-30-2013 1800,20.3,13.8
11-30-2013 1900,20.5,14.1
11-30-2013 2000,20.1,14.2
11-30-2013 2100,19.3,14.3
11-30-2013 2200,19.5,14.4
11-30-2013 2300,18.9,14.7
12-01-2013 0000,18.3,14.6
12-01-2013 0100,17.9,14.5
12-01-2013 0200,18.7,14.1
12-01-2013 0300,18.9,14
12-01-2013 0400,18.9,13.8
12-01-2013 0500,18.9,13.8
12-01-2013 0600,17.5,13.8
12-01-2013 0700,17.6,13.8
12-01-2013 0800,16.2,13.8
12-01-2013 0900,16,13.8
12-01-2013 1000,15.6,13.8
12-01-2013 1100,15.5,13.8
12-01-2013 1200,15.3,13.7
12-01-2013 1300,15.2,13.7
12-01-2013 1400,16.7,13.8
12-01-2013 1500,18.9,14
12-01-2013 1600,19,14.2
12-01-2013 1700,20.4,14.5
12-01-2013 1800,21.5,14.9
12-01-2013 1900,22.3,15.6
12-01-2013 2000,21.8,15.8
12-01-2013 2100,21.5,16.2
12-01-2013 2200,21.1,16.3
12-01-2013 2300,20,16.1
12-02-2013 0000,19,15.9
12-02-2013 0100,19.1,15.9
12-02-2013 0200,19.2,15.8
12-02-2013 0300,19,15.7
12-02-2013 0400,18.5,15.6
12-02-2013 0500,17.9,15.5
12-02-2013 0600,17.7,15.5
12-02-2013 0700,17.5,15.3
12-02-2013 0800,17.2,15.3
12-02-2013 0900,16.8,15.3
12-02-2013 1000,15.8,15.3
12-02-2013 1100,15.9,15.2
12-02-2013 1200,15.6,15.1
12-02-2013 1300,15.2,15.1
12-02-2013 1400,16.2,15.1
12-02-2013 1500,16.9,15.3
12-02-2013 1600,16.8,15.4
12-02-2013 1700,18.9,15.9
12-02-2013 1800,20.8,16
12-02-2013 1900,22.1,16.5
12-02-2013 2000,22.6,17.7
12-02-2013 2100,21.3,17.7
12-02-2013 2200,20.7,17.5
12-02-2013 2300,20.4,17.5
12-03-2013 0000,19.5,17.4
12-03-2013 0100,19.3,17.3
12-03-2013 0200,18.6,17.2
12-03-2013 0300,18.7,17.2
12-03-2013 0400,18.1,17.1
12-03-2013 0500,17.8,17
12-03-2013 0600,17.5,16.9
12-03-2013 0700,17.1,16.8
12-03-2013 0800,16.9,16.7
12-03-2013 0900,16.8,16.5
12-03-2013 1000,16.8,16.5
12-03-2013 1100,16.7,16.4
12-03-2013 1200,16.9,16.4
12-03-2013 1300,16.8,16.5
12-03-2013 1400,17.3,16.5
12-03-2013 1500,18.4,16.6
12-03-2013 1600,19.6,16.9
12-03-2013 1700,20.5,17.4
12-03-2013 1800,21.2,17.9
12-03-2013 1900,21.3,18.3
12-03-2013 2000,21.7,18.6
12-03-2013 2100,21.8,18.9
12-03-2013 2200,21.7,19
12-03-2013 2300,20.4,19
12-04-2013 0000,19.9,18.9
12-04-2013 0100,19.6,18.8
12-04-2013 0200,19.6,18.7
12-04-2013 0300,19.4,18.5
12-04-2013 0400,19,18.4
12-04-2013 0500,18.9,18.2
12-04-2013 0600,18.5,18.2
12-04-2013 0700,18.6,18.2
12-04-2013 0800,18.6,18.2
12-04-2013 0900,18.7,18.3
12-04-2013 1000,19.1,18.3
12-04-2013 1100,18.7,18.3
12-04-2013 1200,18.7,18.4
12-04-2013 1300,18.9,18.4
12-04-2013 1400,19,18.3
12-04-2013 1500,18.8,18.4
12-04-2013 1600,18.8,18.7
12-04-2013 1700,20.5,19
12-04-2013 1800,21.9,19.6
12-04-2013 1900,22.1,19.9
12-04-2013 2000,22.5,20.3
12-04-2013 2100,22.2,20.5
12-04-2013 2200,21.3,20.6
12-04-2013 2300,21.2,20.6
12-05-2013 0000,21,20.4
12-05-2013 0100,20.3,20.2
12-05-2013 0200,20.6,20
12-05-2013 0300,20.8,19.9
12-05-2013 0400,20.6,19.8
12-05-2013 0500,19.8,19.7
12-05-2013 0600,19.7,19.6
12-05-2013 0700,19.3,19.5
12-05-2013 0800,19.6,19.5
12-05-2013 0900,19.4,19.4
12-05-2013 1000,19.2,19.5
12-05-2013 1100,19,19.5
12-05-2013 1200,19.2,19.5
12-05-2013 1300,19.6,19.5
12-05-2013 1400,19.7,19.5
12-05-2013 1500,19.9,19.5
12-05-2013 1600,21.4,19.8
12-05-2013 1700,20.8,20.1
12-05-2013 1800,20.1,20.5
12-05-2013 1900,19.3,20.9
12-05-2013 2000,20.1,21.2
12-05-2013 2100,17.5,21.3
12-05-2013 2200,15.1,21
12-05-2013 2300,13.3,20.6
12-06-2013 0000,10.9,19.6
12-06-2013 0100,9.9,19.6
12-06-2013 0200,9.2,19.1
12-06-2013 0300,7.7,18.7
12-06-2013 0400,7.2,18.4
12-06-2013 0500,6.7,18
12-06-2013 0600,6,17.5
12-06-2013 0700,5.6,17.2
12-06-2013 0800,4.8,16.8
12-06-2013 0900,5,16.5
12-06-2013 1000,4.6,16.3
12-06-2013 1100,4.6,16.4
12-06-2013 1200,4.1,15.9
12-06-2013 1300,3.6,15.8
12-06-2013 1400,3.4,15.4
12-06-2013 1500,3.3,15.1
12-06-2013 1600,3.3,14.8
12-06-2013 1700,4.1,14.5
12-06-2013 1800,4.6,14.2
12-06-2013 1900,5.3,13.9
12-06-2013 2000,6.2,13.8
12-06-2013 2100,6.6,13.6
12-06-2013 2200,7.4,13.4
12-06-2013 2300,7.3,13.1
12-07-2013 0000,7,12.8
12-07-2013 0100,6.4,12.5
12-07-2013 0200,5.2,12
12-07-2013 0300,3.8,11.7
12-07-2013 0400,3,11.4
12-07-2013 0500,2.8,10.9
12-07-2013 0600,2.2,10.6
12-07-2013 0700,2.2,10.3
12-07-2013 0800,1.4,10.1
12-07-2013 0900,1.6,9.9
12-07-2013 1000,1.9,9.5
12-07-2013 1100,1.6,9.2
12-07-2013 1200,1.1,9
12-07-2013 1300,1.6,8.5
12-07-2013 1400,1.6,8.7
12-07-2013 1500,1.4,8
12-07-2013 1600,1.3,8.6
12-07-2013 1700,1.1,8.8
12-07-2013 1800,0.9,8.6
12-07-2013 1900,1,8.7
12-07-2013 2000,1.1,8.6
12-07-2013 2100,1.1,8.4
12-07-2013 2200,1.3,8.3
12-07-2013 2300,1.4,8.1
12-08-2013 0000,1.4,7.8
12-08-2013 0100,1.6,7.3
12-08-2013 0200,1.4,6.8
12-08-2013 0300,1.4,6.9
12-08-2013 0400,1.4,6.6
12-08-2013 0500,1.6,7
12-08-2013 0600,1.7,7.5
12-08-2013 0700,1.5,6.9
12-08-2013 0800,1.6,8.2
12-08-2013 0900,1.7,7.9
12-08-2013 1000,1.7,7.4
12-08-2013 1100,1.8,7.2
12-08-2013 1200,1.7,7.1
12-08-2013 1300,2,7.2
12-08-2013 1400,2.1,6.4
12-08-2013 1500,2.5,5.6
12-08-2013 1600,2.7,6
12-08-2013 1700,3.3,6.3
12-08-2013 1800,4,6.5
12-08-2013 1900,4.5,6.5
12-08-2013 2000,5.1,6.6
12-08-2013 2100,5.8,6.8
12-08-2013 2200,6.6,7
12-08-2013 2300,7.1,7.6
12-09-2013 0000,6.8,7.8
12-09-2013 0100,6.3,7.6
12-09-2013 0200,7.2,7.7
12-09-2013 0300,7.6,7.8
12-09-2013 0400,7.5,7.8
12-09-2013 0500,7.5,7.7
12-09-2013 0600,7.8,7.9
12-09-2013 0700,7.9,8
12-09-2013 0800,7.7,8
12-09-2013 0900,7.8,8
12-09-2013 1000,8.1,7.9
12-09-2013 1100,8,7.7
12-09-2013 1200,8.1,7.7
12-09-2013 1300,8.5,7.9
12-09-2013 1400,8.6,7.8
12-09-2013 1500,8.9,7.7
12-09-2013 1600,9.3,8.3
12-09-2013 1700,9.5,8.6
12-09-2013 1800,9.7,8.8
12-09-2013 1900,10.2,9
12-09-2013 2000,10.2,9.2
12-09-2013 2100,10.4,9.3
12-09-2013 2200,10,9.4
12-09-2013 2300,9.1,9.4
12-10-2013 0000,8.6,9.4
12-10-2013 0100,8.1,9.3
12-10-2013 0200,7.4,9.4
12-10-2013 0300,7.2,9.3
12-10-2013 0400,6.7,9.3
12-10-2013 0500,6.2,9.2
12-10-2013 0600,5.3,9.1
12-10-2013 0700,4.8,8.9
12-10-2013 0800,4.8,8.7
12-10-2013 0900,4.3,8.5
12-10-2013 1000,4.2,8.4
12-10-2013 1100,3.9,8.3
12-10-2013 1200,3.4,8.2
12-10-2013 1300,2.9,8.1
12-10-2013 1400,2.7,8
12-10-2013 1500,2.8,8
12-10-2013 1600,3.4,8.1
12-10-2013 1700,3.1,8.1
12-10-2013 1800,4.1,8.4
12-10-2013 1900,4.6,8.4
12-10-2013 2000,5.5,8.4
12-10-2013 2100,6.3,8.2
12-10-2013 2200,7,8.1
12-10-2013 2300,7.2,8
12-11-2013 0000,7.4,8
12-11-2013 0100,7.3,8.1
12-11-2013 0200,7.4,7.9
12-11-2013 0300,6.9,7.7
12-11-2013 0400,7.5,7.7
12-11-2013 0500,7.5,7.7
12-11-2013 0600,7.3,7.6
12-11-2013 0700,7.1,7.5
12-11-2013 0800,7,7.5
12-11-2013 0900,6.8,7.4
12-11-2013 1000,6.9,7.5
12-11-2013 1100,7,7.7
12-11-2013 1200,7,7.6
12-11-2013 1300,7.1,7.4
12-11-2013 1400,7.2,7.4
12-11-2013 1500,7.4,7.5
12-11-2013 1600,7.9,7.5
12-11-2013 1700,8,7.5
12-11-2013 1800,8.3,7.8
12-11-2013 1900,8.7,8
12-11-2013 2000,9,8.1
12-11-2013 2100,9.3,8.2
12-11-2013 2200,10,8.2
12-11-2013 2300,9.9,8.2
12-12-2013 0000,9.8,8.3
12-12-2013 0100,10.1,8.2
12-12-2013 0200,10.2,8.2
12-12-2013 0300,10.3,8.2
12-12-2013 0400,10.4,8.2
12-12-2013 0500,10,8.2
12-12-2013 0600,10,8.2
12-12-2013 0700,9.8,8.3
12-12-2013 0800,9.6,8.3
12-12-2013 0900,9.5,8.3
12-12-2013 1000,9.4,8.3
12-12-2013 1100,9.1,8.2
12-12-2013 1200,8.3,8.2
12-12-2013 1300,7.4,8.1
12-12-2013 1400,6.9,8.2
12-12-2013 1500,7.1,8.3
12-12-2013 1600,7.2,8.5
12-12-2013 1700,7.7,8.6
12-12-2013 1800,9.1,8.9
12-12-2013 1900,9.3,9.1
12-12-2013 2000,10,9.6
12-12-2013 2100,10,9.5
12-12-2013 2200,10.5,9.6
12-12-2013 2300,10.9,9.3
12-13-2013 0000,11,9.7
12-13-2013 0100,10.9,9.6
12-13-2013 0200,10.3,9.3
12-13-2013 0300,10.3,9.4
12-13-2013 0400,9.7,9.4
12-13-2013 0500,9.4,9.2
12-13-2013 0600,9.1,9.3
12-13-2013 0700,8.9,9.1
12-13-2013 0800,8.9,9.2
12-13-2013 0900,8.7,9.2
12-13-2013 1000,8.9,9.3
12-13-2013 1100,9,9.3
12-13-2013 1200,8.8,9.3
12-13-2013 1300,8.9,9.2
12-13-2013 1400,9.3,9.2
12-13-2013 1500,9.7,9.3
12-13-2013 1600,10.3,9.6
12-13-2013 1700,10.9,9.6
12-13-2013 1800,13,10.3
12-13-2013 1900,11.7,10.6
12-13-2013 2000,14.6,10.4
12-13-2013 2100,14.6,10.7
12-13-2013 2200,15.7,11.2
12-13-2013 2300,15.9,10.9
12-14-2013 0000,16.1,11.6
12-14-2013 0100,16.2,11.3
12-14-2013 0200,14.6,11
12-14-2013 0300,15,11.1
12-14-2013 0400,13.9,11.2
12-14-2013 0500,12.8,11.2
12-14-2013 0600,12.7,11.3
12-14-2013 0700,12.5,11.4
12-14-2013 0800,12.5,11.1
12-14-2013 0900,12.9,10.6
12-14-2013 1000,11.7,11.1
12-14-2013 1100,11.8,11.3
12-14-2013 1200,11.9,10.8
12-14-2013 1300,11.8,11.2
12-14-2013 1400,11.9,11.2
12-14-2013 1500,12.5,10.8
12-14-2013 1600,13.3,11.2
12-14-2013 1700,14.1,11.8
12-14-2013 1800,14.8,12.2
12-14-2013 1900,17,12.6
12-14-2013 2000,17.5,12.3
12-14-2013 2100,17.4,12.6
12-14-2013 2200,15.8,13.4
12-14-2013 2300,13.8,13.2
12-15-2013 0000,12.1,13
12-15-2013 0100,11.2,12.4
12-15-2013 0200,10.4,12.7
12-15-2013 0300,9.6,12
12-15-2013 0400,8.9,11.9
12-15-2013 0500,8.5,11.6
12-15-2013 0600,8,11.4
12-15-2013 0700,7.4,10.8
12-15-2013 0800,7.3,10.6
12-15-2013 0900,6.8,10.4
12-15-2013 1000,6.4,10.2
12-15-2013 1100,6.5,9.9
12-15-2013 1200,6,9.7
12-15-2013 1300,5.5,9.4
12-15-2013 1400,5.7,9.2
12-15-2013 1500,5.8,9.2
12-15-2013 1600,6.1,9.4
12-15-2013 1700,6.4,9.5
12-15-2013 1800,7,10
12-15-2013 1900,8.4,10.4
12-15-2013 2000,9.5,10.8
12-15-2013 2100,10.9,11.1
12-15-2013 2200,11.1,11
12-15-2013 2300,11.9,11
12-16-2013 0000,10.5,10.9
12-16-2013 0100,10.3,10.9
12-16-2013 0200,10.1,10.9
12-16-2013 0300,9.8,10.9
12-16-2013 0400,10.4,10.7
12-16-2013 0500,9.4,10.7
12-16-2013 0600,9,10.6
12-16-2013 0700,9.2,10.4
12-16-2013 0800,8.6,10.3
12-16-2013 0900,8.2,10.2
12-16-2013 1000,8.4,10.2
12-16-2013 1100,5.9,10
12-16-2013 1200,6,9.8
12-16-2013 1300,6.6,9.6
12-16-2013 1400,7.6,9.4
12-16-2013 1500,8.3,9.5
12-16-2013 1600,9.5,10
12-16-2013 1700,9.7,10.4
12-16-2013 1800,11.2,10.9
12-16-2013 1900,13.7,11.5
12-16-2013 2000,14.5,12
12-16-2013 2100,14.2,12.1
12-16-2013 2200,13.3,12.2
12-16-2013 2300,13.2,12.3
12-17-2013 0000,12.1,12.2
12-17-2013 0100,11.7,12.1
12-17-2013 0200,11.6,12
12-17-2013 0300,11.9,11.8
12-17-2013 0400,12.5,11.7
12-17-2013 0500,13,11.6
12-17-2013 0600,11.9,11.3
12-17-2013 0700,11.3,11.2
12-17-2013 0800,11.2,11
12-17-2013 0900,10.9,10.8
12-17-2013 1000,10.2,10.8
12-17-2013 1100,10.4,10.8
12-17-2013 1200,10.1,10.6
12-17-2013 1300,9.6,10.6
12-17-2013 1400,10.4,10.5
12-17-2013 1500,10.2,10.9
12-17-2013 1600,11,11
12-17-2013 1700,12.7,11.5
12-17-2013 1800,14.7,12.1
12-17-2013 1900,15.8,12.2
12-17-2013 2000,15.9,12.8
12-17-2013 2100,15.7,13.3
12-17-2013 2200,15.6,14
12-17-2013 2300,15.5,14
12-18-2013 0000,14.9,13.3
12-18-2013 0100,14.6,13.3
12-18-2013 0200,14.1,13.7
12-18-2013 0300,14.1,13.1
12-18-2013 0400,13.9,13.2
12-18-2013 0500,13.9,13
12-18-2013 0600,14.9,13
12-18-2013 0700,14.4,12.9
12-18-2013 0800,14.2,12.8
12-18-2013 0900,13.9,12.7
12-18-2013 1000,12.9,12.7
12-18-2013 1100,13.1,12.7
12-18-2013 1200,12.2,12.7
12-18-2013 1300,12,12.6
12-18-2013 1400,12.8,12.7
12-18-2013 1500,13.7,12.8
12-18-2013 1600,16.3,13.4
12-18-2013 1700,17.2,13.3
12-18-2013 1800,17.8,13.9
12-18-2013 1900,17.8,14
12-18-2013 2000,17.7,14.9
12-18-2013 2100,18,15.1
12-18-2013 2200,17.8,15.3
12-18-2013 2300,17.7,15.3
12-19-2013 0000,17,14.7
12-19-2013 0100,17.5,15.2
12-19-2013 0200,17.7,15.2
12-19-2013 0300,16.9,14.6
12-19-2013 0400,17,14.5
12-19-2013 0500,16.5,14.4
12-19-2013 0600,16.8,14.4
12-19-2013 0700,17,14.3
12-19-2013 0800,17,14.2
12-19-2013 0900,17,14.2
12-19-2013 1000,17.4,14.2
12-19-2013 1100,17.3,14.2
12-19-2013 1200,17.8,14.2
12-19-2013 1300,18.2,14.3
12-19-2013 1400,18.1,14.3
12-19-2013 1500,19,14.3
12-19-2013 1600,19.1,14.5
12-19-2013 1700,18.3,14.9
12-19-2013 1800,19.5,15.5
12-19-2013 1900,20.1,15.9
12-19-2013 2000,19.8,16.6
12-19-2013 2100,20,16.9
12-19-2013 2200,19.9,17
12-19-2013 2300,19.1,16.8
12-20-2013 0000,18.2,16.6
12-20-2013 0100,18.4,16.6
12-20-2013 0200,18.2,16.5
12-20-2013 0300,17.9,16.3
12-20-2013 0400,17.6,16.3
12-20-2013 0500,17.5,16.2
12-20-2013 0600,17.4,16.2
12-20-2013 0700,17.1,16.2
12-20-2013 0800,16.7,16.1
12-20-2013 0900,17.3,16.2
12-20-2013 1000,17.3,16.3
12-20-2013 1100,16.6,16.3
12-20-2013 1200,16.8,16
12-20-2013 1300,17.8,16.4
12-20-2013 1400,17.9,16.2
12-20-2013 1500,18.5,16.6
12-20-2013 1600,19.3,16.8
12-20-2013 1700,20.1,17.1
12-20-2013 1800,21.4,17.7
12-20-2013 1900,21.1,18.1
12-20-2013 2000,21,18.5
12-20-2013 2100,19.7,18.6
12-20-2013 2200,19.5,18.7
12-20-2013 2300,19.5,18.6
12-21-2013 0000,19.5,18.5
12-21-2013 0100,18.9,18.4
12-21-2013 0200,18.8,18.3
12-21-2013 0300,18.9,18.2
12-21-2013 0400,18.7,18.2
12-21-2013 0500,19.4,18.1
12-21-2013 0600,19,18.1
12-21-2013 0700,19,18.2
12-21-2013 0800,18.7,18.2
12-21-2013 0900,18.9,18.2
12-21-2013 1000,18.2,18.4
12-21-2013 1100,18.3,18.4
12-21-2013 1200,18.6,18.3
12-21-2013 1300,18.6,18.3
12-21-2013 1400,19.3,18
12-21-2013 1500,19.1,18
12-21-2013 1600,19.8,18.2
12-21-2013 1700,20.2,18.3
12-21-2013 1800,19.8,18.7
12-21-2013 1900,21.5,18.8
12-21-2013 2000,23.7,18.7
12-21-2013 2100,21,18.9
12-21-2013 2200,20.1,19.2
12-21-2013 2300,20,19
12-22-2013 0000,18.1,18.7
12-22-2013 0100,17.3,18.6
12-22-2013 0200,17,18.3
12-22-2013 0300,16.8,18.5
12-22-2013 0400,16.8,18.5
12-22-2013 0500,16.6,18.3
12-22-2013 0600,16.4,18.1
12-22-2013 0700,16.2,18.1
12-22-2013 0800,16.2,18.2
12-22-2013 0900,16.4,17.9
12-22-2013 1000,16.1,17.8
12-22-2013 1100,16.3,17.7
12-22-2013 1200,16.2,17.7
12-22-2013 1300,16.3,17.6
12-22-2013 1400,15.9,17.7
12-22-2013 1500,15.9,17.7
12-22-2013 1600,16.4,17.8
12-22-2013 1700,16.9,18
12-22-2013 1800,18.4,18.1
12-22-2013 1900,18.8,18.2
12-22-2013 2000,18.8,18.4
12-22-2013 2100,18.7,18.6
12-22-2013 2200,18.8,18.4
12-22-2013 2300,17.4,18.1
12-23-2013 0000,16.2,17.6
12-23-2013 0100,15,17.4
12-23-2013 0200,13.5,17.2
12-23-2013 0300,11.9,16.7
12-23-2013 0400,10.8,16
12-23-2013 0500,10,15.3
12-23-2013 0600,8.8,14.8
12-23-2013 0700,7.9,14.8
12-23-2013 0800,7.4,14.6
12-23-2013 0900,6.8,14.3
12-23-2013 1000,6,13.9
12-23-2013 1100,5.8,13.6
12-23-2013 1200,5.5,13.6
12-23-2013 1300,5.1,13.3
12-23-2013 1400,4.9,13
12-23-2013 1500,5.1,12.9
12-23-2013 1600,5.4,12.9
12-23-2013 1700,6.4,13.1
12-23-2013 1800,7.5,13.3
12-23-2013 1900,8.7,13.7
12-23-2013 2000,10.2,13.9
12-23-2013 2100,10.8,14.1
12-23-2013 2200,11.8,14.1
12-23-2013 2300,11.9,13.9
12-24-2013 0000,11.9,13.4
12-24-2013 0100,11.4,13.1
12-24-2013 0200,11.5,13
12-24-2013 0300,11.3,12.9
12-24-2013 0400,11.1,12.5
12-24-2013 0500,10.5,12.3
12-24-2013 0600,10,12.1
12-24-2013 0700,9.5,11.8
12-24-2013 0800,8.8,11.6
12-24-2013 0900,8.4,11.6
12-24-2013 1000,8.2,11.7
12-24-2013 1100,8.3,11.5
12-24-2013 1200,8.4,11.5
12-24-2013 1300,8.4,11.4
12-24-2013 1400,9.1,11.5
12-24-2013 1500,9.5,11.6
12-24-2013 1600,10.9,11.9
12-24-2013 1700,11.9,12.6
12-24-2013 1800,12.6,13.1
12-24-2013 1900,13.2,13.4
12-24-2013 2000,13.6,13.5
12-24-2013 2100,14.2,14
12-24-2013 2200,14.6,14.4
12-24-2013 2300,14.7,13.9
12-25-2013 0000,14,14
12-25-2013 0100,14,14.2
12-25-2013 0200,14.5,14.1
12-25-2013 0300,14.9,13.6
12-25-2013 0400,15.2,13.4
12-25-2013 0500,15.6,13.1
12-25-2013 0600,15.3,13.2
12-25-2013 0700,15.5,13.1
12-25-2013 0800,15.2,13.1
12-25-2013 0900,14.6,12.7
12-25-2013 1000,12.7,13.1
12-25-2013 1100,13,12.6
12-25-2013 1200,12.5,12.3
12-25-2013 1300,12.5,12.1
12-25-2013 1400,12.6,12
12-25-2013 1500,13,12.1
12-25-2013 1600,14,12.5
12-25-2013 1700,14.3,12.8
12-25-2013 1800,18.3,13.2
12-25-2013 1900,18.3,13.7
12-25-2013 2000,17.9,13.4
12-25-2013 2100,16.8,13.5
12-25-2013 2200,15.7,14
12-25-2013 2300,14.5,13.8
12-26-2013 0000,14.2,14.1
12-26-2013 0100,14.3,14.1
12-26-2013 0200,14.7,14
12-26-2013 0300,14.2,13.9
12-26-2013 0400,13.9,13.8
12-26-2013 0500,13.9,13.8
12-26-2013 0600,13.7,13.8
12-26-2013 0700,13.5,13.8
12-26-2013 0800,13.4,13.8
12-26-2013 0900,13.4,13.7
12-26-2013 1000,13,13.6
12-26-2013 1100,13,13.6
12-26-2013 1200,12.4,13.6
12-26-2013 1300,11.8,13.4
12-26-2013 1400,11.8,13.1
12-26-2013 1500,12,13.1
12-26-2013 1600,12.1,13.1
12-26-2013 1700,11.9,13
12-26-2013 1800,11.7,13
12-26-2013 1900,11.6,13
12-26-2013 2000,12.1,13
12-26-2013 2100,12.4,13
12-26-2013 2200,12.3,12.9
12-26-2013 2300,11.7,12.8
12-27-2013 0000,11.7,12.7
12-27-2013 0100,11.2,12.7
12-27-2013 0200,11.5,12.6
12-27-2013 0300,11.4,12.6
12-27-2013 0400,11.1,12.6
12-27-2013 0500,11,12.3
12-27-2013 0600,10.9,12.2
12-27-2013 0700,10.6,12.1
12-27-2013 0800,10.3,12
12-27-2013 0900,10.2,12.1
12-27-2013 1000,10.2,12.2
12-27-2013 1100,10.4,12.2
12-27-2013 1200,10.7,12
12-27-2013 1300,10.4,11.9
12-27-2013 1400,10.4,11.8
12-27-2013 1500,10.7,11.7
12-27-2013 1600,10.9,11.9
12-27-2013 1700,11,12.1
12-27-2013 1800,11.2,12.2
12-27-2013 1900,11.2,12.2
12-27-2013 2000,11.6,12.3
12-27-2013 2100,11.8,12.4
12-27-2013 2200,11.8,12.4
12-27-2013 2300,11.8,12.3
12-28-2013 0000,11.7,12.2
12-28-2013 0100,11.5,12.1
12-28-2013 0200,11.5,11.9
12-28-2013 0300,11.7,11.8
12-28-2013 0400,11.7,11.8
12-28-2013 0500,11.6,11.9
12-28-2013 0600,11.2,11.9
12-28-2013 0700,10.9,11.8
12-28-2013 0800,11.1,11.7
12-28-2013 0900,10.8,11.7
12-28-2013 1000,10.7,11.7
12-28-2013 1100,10.3,11.6
12-28-2013 1200,10.1,11.5
12-28-2013 1300,10,11.4
12-28-2013 1400,9.8,11.3
12-28-2013 1500,10,11.3
12-28-2013 1600,10.2,11.4
12-28-2013 1700,10.2,11.5
12-28-2013 1800,10.6,11.7
12-28-2013 1900,11.1,12.1
12-28-2013 2000,11.6,12.1
12-28-2013 2100,12.4,12.4
12-28-2013 2200,12.4,12.6
12-28-2013 2300,12.2,12.5
12-29-2013 0000,11.8,12.2
12-29-2013 0100,11.4,12.1
12-29-2013 0200,11.4,12.1
12-29-2013 0300,11.4,12
12-29-2013 0400,10.6,11.9
12-29-2013 0500,10.6,11.8
12-29-2013 0600,10.7,11.5
12-29-2013 0700,10.4,11.6
12-29-2013 0800,10.2,11.5
12-29-2013 0900,10.1,11.5
12-29-2013 1000,9.6,11.3
12-29-2013 1100,9.9,11.2
12-29-2013 1200,10.1,11.2
12-29-2013 1300,10.5,11.1
12-29-2013 1400,11.2,11.1
12-29-2013 1500,11.6,11.3
12-29-2013 1600,12,11.7
12-29-2013 1700,12.6,12
12-29-2013 1800,13.8,12.2
12-29-2013 1900,13.7,12.2
12-29-2013 2000,13.7,12.3
12-29-2013 2100,13.9,12.3
12-29-2013 2200,13.8,12.3
12-29-2013 2300,14.2,12.5
12-30-2013 0000,14.3,12.5
12-30-2013 0100,13.9,12.6
12-30-2013 0200,13.7,12.6
12-30-2013 0300,14,12.6
12-30-2013 0400,13.7,12.5
12-30-2013 0500,14.1,12.5
12-30-2013 0600,13.6,12.4
12-30-2013 0700,13.3,12.5
12-30-2013 0800,9.8,12.4
12-30-2013 0900,7.9,12.1
12-30-2013 1000,6.4,11.9
12-30-2013 1100,6.2,11.6
12-30-2013 1200,5.7,11.3
12-30-2013 1300,5.3,11
12-30-2013 1400,5.1,10.9
12-30-2013 1500,5,11
12-30-2013 1600,5.6,10.7
12-30-2013 1700,5.8,10.7
12-30-2013 1800,5.8,10.6
12-30-2013 1900,5,10.4
12-30-2013 2000,5.1,10.1
12-30-2013 2100,6,9.7
12-30-2013 2200,6.3,10
12-30-2013 2300,6.4,9.9
12-31-2013 0000,6.2,9.6
12-31-2013 0100,6.9,9.6
12-31-2013 0200,6.9,9.6
12-31-2013 0300,6.7,9.5
12-31-2013 0400,6.5,9.6
12-31-2013 0500,6.2,9.6
12-31-2013 0600,6.2,9.8
12-31-2013 0700,6,9.7
12-31-2013 0800,6.1,9.2
12-31-2013 0900,5.9,8.8
12-31-2013 1000,6.1,8.5
12-31-2013 1100,5.9,8.4
12-31-2013 1200,5.7,8.3
12-31-2013 1300,5.8,7.9
12-31-2013 1400,5.8,8.1
12-31-2013 1500,6.2,8
12-31-2013 1600,6.1,8.3
12-31-2013 1700,6,8.5
12-31-2013 1800,6.3,8.5
12-31-2013 1900,6,8.7
12-31-2013 2000,6.4,8.9
12-31-2013 2100,6.8,8.9
12-31-2013 2200,6.5,9
12-31-2013 2300,6.7,9
01-01-2014 0000,6.6,9
01-01-2014 0100,6.9,8.8
01-01-2014 0200,6.9,8.9
01-01-2014 0300,7.2,8.7
01-01-2014 0400,7.4,8.8
01-01-2014 0500,8.1,8.7
01-01-2014 0600,8.1,8.6
01-01-2014 0700,8.3,8.6
01-01-2014 0800,8.3,8.8
01-01-2014 0900,8.1,8.8
01-01-2014 1000,8.2,8.8
01-01-2014 1100,8,8.6
01-01-2014 1200,8.1,8.7
01-01-2014 1300,8,8.6
01-01-2014 1400,8.3,8.5
01-01-2014 1500,8.7,8.6
01-01-2014 1600,8.9,8.5
01-01-2014 1700,9.2,8.7
01-01-2014 1800,9.1,8.7
01-01-2014 1900,9.7,9
01-01-2014 2000,9.8,9
01-01-2014 2100,10.3,9.1
01-01-2014 2200,10.6,9.2
01-01-2014 2300,10.7,9.3
01-02-2014 0000,10.9,9.2
01-02-2014 0100,11,9.2
01-02-2014 0200,11.1,9.2
01-02-2014 0300,11.1,9.2
01-02-2014 0400,11.3,9.3
01-02-2014 0500,11.8,9.3
01-02-2014 0600,11.6,9.2
01-02-2014 0700,11.7,9.3
01-02-2014 0800,11.6,9.3
01-02-2014 0900,11.9,9.3
01-02-2014 1000,12.3,9.5
01-02-2014 1100,12.4,9.6
01-02-2014 1200,12.2,9.7
01-02-2014 1300,10.5,9.7
01-02-2014 1400,8.8,9.7
01-02-2014 1500,7.2,9.6
01-02-2014 1600,6.4,9.5
01-02-2014 1700,6.8,9.4
01-02-2014 1800,7.9,9.5
01-02-2014 1900,8.9,9.7
01-02-2014 2000,9.5,10
01-02-2014 2100,10.6,10.1
01-02-2014 2200,10.7,10.2
01-02-2014 2300,10.7,10.2
01-03-2014 0000,10.4,10.1
01-03-2014 0100,9.8,9.9
01-03-2014 0200,9.4,9.7
01-03-2014 0300,9,9.6
01-03-2014 0400,8.5,9.5
01-03-2014 0500,7.7,9.2
01-03-2014 0600,6.4,9.1
01-03-2014 0700,5.7,8.9
01-03-2014 0800,5.3,8.6
01-03-2014 0900,4.9,8.5
01-03-2014 1000,4.5,8.3
01-03-2014 1100,4.2,8.3
01-03-2014 1200,3.9,8
01-03-2014 1300,3.8,7.9
01-03-2014 1400,3.7,7.4
01-03-2014 1500,4.3,7.5
01-03-2014 1600,5.5,7.5
01-03-2014 1700,7,7.8
01-03-2014 1800,8.6,8.4
01-03-2014 1900,10.2,8.5
01-03-2014 2000,10.5,8.9
01-03-2014 2100,10.9,9.4
01-03-2014 2200,11.3,9.5
01-03-2014 2300,11.5,9.6
01-04-2014 0000,11.6,9.6
01-04-2014 0100,12.8,9.5
01-04-2014 0200,12.8,10
01-04-2014 0300,13.3,10
01-04-2014 0400,13.4,9.6
01-04-2014 0500,13.6,9.4
01-04-2014 0600,13.5,9.2
01-04-2014 0700,14.1,9.1
01-04-2014 0800,14.3,9
01-04-2014 0900,14,9
01-04-2014 1000,13.4,9
01-04-2014 1100,13.2,8.9
01-04-2014 1200,13.6,9
01-04-2014 1300,13.7,9.1
01-04-2014 1400,14.2,8.9
01-04-2014 1500,13.2,8.9
01-04-2014 1600,14.4,9.3
01-04-2014 1700,14.6,9.7
01-04-2014 1800,17.8,10.4
01-04-2014 1900,18.3,11
01-04-2014 2000,18.3,11.5
01-04-2014 2100,17.1,12
01-04-2014 2200,17.2,12
01-04-2014 2300,17,12
01-05-2014 0000,16.5,12.2
01-05-2014 0100,15.9,12
01-05-2014 0200,16.3,12
01-05-2014 0300,15.6,11.8
01-05-2014 0400,15.3,11.7
01-05-2014 0500,15.1,11.7
01-05-2014 0600,14.7,11.8
01-05-2014 0700,14.7,11.6
01-05-2014 0800,14.9,11.6
01-05-2014 0900,15.1,11.7
01-05-2014 1000,14.6,11.8
01-05-2014 1100,14.4,11.9
01-05-2014 1200,13.4,11.9
01-05-2014 1300,14.2,11.7
01-05-2014 1400,14.3,11.7
01-05-2014 1500,16.1,11.9
01-05-2014 1600,15.6,12.2
01-05-2014 1700,14.3,12.3
01-05-2014 1800,14.6,12.7
01-05-2014 1900,10.6,12.2
01-05-2014 2000,10.9,12
01-05-2014 2100,12.3,12.5
01-05-2014 2200,12.4,12.4
01-05-2014 2300,11.6,12.2
01-06-2014 0000,10.6,12
01-06-2014 0100,10.3,11.9
01-06-2014 0200,9.8,11.6
01-06-2014 0300,9,11.2
01-06-2014 0400,8,11.3
01-06-2014 0500,6.9,10.6
01-06-2014 0600,5.9,10.3
01-06-2014 0700,5.1,10
01-06-2014 0800,4.4,9.9
01-06-2014 0900,3.7,9.8
01-06-2014 1000,3.3,9.5
01-06-2014 1100,2.4,9.3
01-06-2014 1200,2.2,9.1
01-06-2014 1300,1.6,8.8
01-06-2014 1400,1.1,8.7
01-06-2014 1500,0.4,8.3
01-06-2014 1600,0.3,7.9
01-06-2014 1700,0.4,8
01-06-2014 1800,1,8.1
01-06-2014 1900,1.3,8.1
01-06-2014 2000,1.1,7.4
01-06-2014 2100,1.5,6.6
01-06-2014 2200,1.4,5.8
01-06-2014 2300,1.6,6.4
01-07-2014 0000,1.2,6.5
01-07-2014 0100,1.1,6.9
01-07-2014 0200,1.2,6.9
01-07-2014 0300,0.8,6.1
01-07-2014 0400,0.6,6.9
01-07-2014 0500,0.5,6.8
01-07-2014 0600,0.3,6.7
01-07-2014 0700,0.2,6.5
01-07-2014 0800,-0.2,6.4
01-07-2014 0900,0.3,6.4
01-07-2014 1000,0.4,5.5
01-07-2014 1100,0.7,5.5
01-07-2014 1200,1,5.6
01-07-2014 1300,1.3,5.1
01-07-2014 1400,1.4,5.4
01-07-2014 1500,1.8,5.6
01-07-2014 1600,2.3,4.8
01-07-2014 1700,2.7,4.6
01-07-2014 1800,4.2,4.5
01-07-2014 1900,5.4,5
01-07-2014 2000,7.3,5.5
01-07-2014 2100,7.6,6.1
01-07-2014 2200,10.3,5.8
01-07-2014 2300,10.5,5.9
01-08-2014 0000,10.6,5.4
01-08-2014 0100,11.4,5.8
01-08-2014 0200,11.6,6
01-08-2014 0300,12,5.7
01-08-2014 0400,12.2,5.6
01-08-2014 0500,12.6,5.9
01-08-2014 0600,13,6.4
01-08-2014 0700,13,6.2
01-08-2014 0800,12.8,5.8
01-08-2014 0900,12.9,5.6
01-08-2014 1000,13,5.6
01-08-2014 1100,11.3,5.6
01-08-2014 1200,11,5.6
01-08-2014 1300,11.5,5.7
01-08-2014 1400,10.5,5.7
01-08-2014 1500,10.2,5.8
01-08-2014 1600,11.4,6
01-08-2014 1700,11.9,6.1
01-08-2014 1800,12,6.2
01-08-2014 1900,13.2,6.5
01-08-2014 2000,15.4,7
01-08-2014 2100,15.8,7.7
01-08-2014 2200,15.2,7.9
01-08-2014 2300,15.4,8
01-09-2014 0000,15.2,7.8
01-09-2014 0100,15.3,8
01-09-2014 0200,15.1,8.1
01-09-2014 0300,14.8,8.2
01-09-2014 0400,13.9,8.3
01-09-2014 0500,14.6,8.3
01-09-2014 0600,12.3,8.3
01-09-2014 0700,14.1,8.2
01-09-2014 0800,14.2,8.2
01-09-2014 0900,15.3,8.2
01-09-2014 1000,14.3,8.2
01-09-2014 1100,14.1,8.2
01-09-2014 1200,13.6,8.3
01-09-2014 1300,13.5,8.3
01-09-2014 1400,13.8,8.4
01-09-2014 1500,14.9,8.4
01-09-2014 1600,15.4,8.7
01-09-2014 1700,15.9,8.9
01-09-2014 1800,16.3,8.9
01-09-2014 1900,17,9.2
01-09-2014 2000,16.6,9.6
01-09-2014 2100,16.9,9.8
01-09-2014 2200,16.8,10
01-09-2014 2300,16.7,10.2
01-10-2014 0000,16.2,10.1
01-10-2014 0100,16.7,10.2
01-10-2014 0200,16.4,10.4
01-10-2014 0300,17.3,10.4
01-10-2014 0400,17.3,10.3
01-10-2014 0500,15.9,10.4
01-10-2014 0600,16.4,10.5
01-10-2014 0700,17.1,10.6
01-10-2014 0800,16.7,10.7
01-10-2014 0900,17.1,10.9
01-10-2014 1000,16.7,10.8
01-10-2014 1100,16.6,10.8
01-10-2014 1200,17.3,11
01-10-2014 1300,17.3,11
01-10-2014 1400,16.7,10.9
01-10-2014 1500,15.3,11
01-10-2014 1600,16.9,11.1
01-10-2014 1700,17.4,11.4
01-10-2014 1800,18.1,11.7
01-10-2014 1900,18.4,12
01-10-2014 2000,19.8,12.4
01-10-2014 2100,19.8,12.8
01-10-2014 2200,19.9,13.2
01-10-2014 2300,19.1,13.6
01-11-2014 0000,17.8,13.3
01-11-2014 0100,16.7,13.2
01-11-2014 0200,16.6,13.1
01-11-2014 0300,16.2,13
01-11-2014 0400,15.9,12.8
01-11-2014 0500,16.4,12.7
01-11-2014 0600,15.6,12.7
01-11-2014 0700,14.8,12.7
01-11-2014 0800,14.5,12.5
01-11-2014 0900,14.2,12.4
01-11-2014 1000,14,12.4
01-11-2014 1100,13.5,12.4
01-11-2014 1200,12.9,12.3
01-11-2014 1300,13.4,12.2
01-11-2014 1400,13.3,12.2
01-11-2014 1500,14.4,12.3
01-11-2014 1600,14.5,12.6
01-11-2014 1700,15.2,12.8
01-11-2014 1800,16.7,13.2
01-11-2014 1900,18.3,13.8
01-11-2014 2000,19.6,14.4
01-11-2014 2100,19.6,14.9
01-11-2014 2200,19.4,15.1
01-11-2014 2300,17.1,15.3
01-12-2014 0000,15.3,14.9
01-12-2014 0100,15.8,14.6
01-12-2014 0200,16.8,14.7
01-12-2014 0300,15.8,14.7
01-12-2014 0400,14.8,14.6
01-12-2014 0500,15,14.5
01-12-2014 0600,13.4,14.4
01-12-2014 0700,13.6,14.3
01-12-2014 0800,13.5,14.1
01-12-2014 0900,13.3,14
01-12-2014 1000,13.5,13.9
01-12-2014 1100,14.8,13.7
01-12-2014 1200,15.2,13.7
01-12-2014 1300,13.8,13.5
01-12-2014 1400,14.7,13.3
01-12-2014 1500,16.4,13.3
01-12-2014 1600,17.6,13.5
01-12-2014 1700,19.9,13.9
01-12-2014 1800,19.3,14.4
01-12-2014 1900,20.3,14.6
01-12-2014 2000,19.1,14.8
01-12-2014 2100,19.5,15
01-12-2014 2200,18.6,15.1
01-12-2014 2300,18,15.1
01-13-2014 0000,18.1,15.1
01-13-2014 0100,17.5,15
01-13-2014 0200,17.3,15.1
01-13-2014 0300,17.5,15
01-13-2014 0400,18.1,15.1
01-13-2014 0500,18.9,15.1
01-13-2014 0600,18.6,15.2
01-13-2014 0700,18.9,15.3
01-13-2014 0800,18,15.2
01-13-2014 0900,17,15.2
01-13-2014 1000,16.7,15.2
01-13-2014 1100,16.7,15.1
01-13-2014 1200,16.7,15.1
01-13-2014 1300,16.2,15
01-13-2014 1400,15.8,15
01-13-2014 1500,16.2,15
01-13-2014 1600,17.9,15.4
01-13-2014 1700,18.7,15.7
01-13-2014 1800,19.5,16
01-13-2014 1900,19.9,16.7
01-13-2014 2000,20,17
01-13-2014 2100,19.7,17.2
01-13-2014 2200,19.2,17
01-13-2014 2300,19.4,17
01-14-2014 0000,18.4,16.8
01-14-2014 0100,17.6,16.6
01-14-2014 0200,15.9,16.4
01-14-2014 0300,15.8,16.2
01-14-2014 0400,15.2,16
01-14-2014 0500,15.2,15.8
01-14-2014 0600,14.5,15.7
01-14-2014 0700,14.5,15.5
01-14-2014 0800,13.3,15.3
01-14-2014 0900,12.4,15
01-14-2014 1000,12.9,14.8
01-14-2014 1100,12.1,14.7
01-14-2014 1200,9.4,14.8
01-14-2014 1300,9.6,14.3
01-14-2014 1400,10,14.3
01-14-2014 1500,11.1,14.3
01-14-2014 1600,13.1,14.4
01-14-2014 1700,16,15
01-14-2014 1800,17.5,15.3
01-14-2014 1900,19.2,15.8
01-14-2014 2000,18.7,16
01-14-2014 2100,18.4,16.4
01-14-2014 2200,17.4,16.5
01-14-2014 2300,17.1,16.5
01-15-2014 0000,16.5,16.2
01-15-2014 0100,15.7,16
01-15-2014 0200,16,15.7
01-15-2014 0300,15.4,15.6
01-15-2014 0400,14.8,15.5
01-15-2014 0500,15.1,15.2
01-15-2014 0600,14.5,15
01-15-2014 0700,14,14.6
01-15-2014 0800,13.1,14.2
01-15-2014 0900,12.3,13.7
01-15-2014 1000,11.6,13.3
01-15-2014 1100,10.9,13
01-15-2014 1200,10,12.4
01-15-2014 1300,9.2,11.7
01-15-2014 1400,8.8,11.3
01-15-2014 1500,9.2,10.9
01-15-2014 1600,9.7,10.8
01-15-2014 1700,10.7,11.1
01-15-2014 1800,11.6,11.5
01-15-2014 1900,11.6,12.2
01-15-2014 2000,12,13
01-15-2014 2100,12.5,13.4
01-15-2014 2200,13.2,13.6
01-15-2014 2300,12.8,13.7
01-16-2014 0000,12,13.7
01-16-2014 0100,11.5,13.2
01-16-2014 0200,11.5,12.7
01-16-2014 0300,11.6,12.5
01-16-2014 0400,11.3,12.5
01-16-2014 0500,11.4,12.3
01-16-2014 0600,10.6,12.2
01-16-2014 0700,10.7,12.1
01-16-2014 0800,11.1,12.1
01-16-2014 0900,10.4,11.9
01-16-2014 1000,9.7,11.7
01-16-2014 1100,9.7,11.6
01-16-2014 1200,10,11.6
01-16-2014 1300,9.7,11.5
01-16-2014 1400,10.4,11.4
01-16-2014 1500,12.5,11.6
01-16-2014 1600,16.1,12.2
01-16-2014 1700,17,13
01-16-2014 1800,17.4,13.6
01-16-2014 1900,17.9,14.3
01-16-2014 2000,17.9,14.7
01-16-2014 2100,17.8,15
01-16-2014 2200,17.6,15.2
01-16-2014 2300,17.1,14.9
01-17-2014 0000,16.2,14.5
01-17-2014 0100,16,14.5
01-17-2014 0200,15.9,14.3
01-17-2014 0300,16.1,14.2
01-17-2014 0400,15.5,14.2
01-17-2014 0500,14.8,14
01-17-2014 0600,14.4,14
01-17-2014 0700,14,14
01-17-2014 0800,13.3,13.7
01-17-2014 0900,13.7,13.6
01-17-2014 1000,13.5,13.6
01-17-2014 1100,13.6,13.6
01-17-2014 1200,12.5,13.7
01-17-2014 1300,13.2,13.7
01-17-2014 1400,12.7,13.6
01-17-2014 1500,13.6,13.5
01-17-2014 1600,13.7,13.7
01-17-2014 1700,13.4,13.7
01-17-2014 1800,13.5,13.9
01-17-2014 1900,13.5,14
01-17-2014 2000,13.3,14.1
01-17-2014 2100,13.7,14.2
01-17-2014 2200,14.2,14.3
01-17-2014 2300,14.5,14.3
01-18-2014 0000,14,14.2
01-18-2014 0100,12.7,14
01-18-2014 0200,13.7,13.9
01-18-2014 0300,13,13.6
01-18-2014 0400,12.3,13.4
01-18-2014 0500,12.6,13.2
01-18-2014 0600,12.2,13
01-18-2014 0700,11.7,12.9
01-18-2014 0800,11.5,12.8
01-18-2014 0900,11.3,12.9
01-18-2014 1000,11,12.8
01-18-2014 1100,11.1,12.6
01-18-2014 1200,11.1,12.5
01-18-2014 1300,11.5,12.4
01-18-2014 1400,12,12.4
01-18-2014 1500,14,12.7
01-18-2014 1600,17.2,13.2
01-18-2014 1700,18.6,13.7
01-18-2014 1800,19.2,14.3
01-18-2014 1900,19.4,15
01-18-2014 2000,19.3,15.4
01-18-2014 2100,19.1,15.9
01-18-2014 2200,18.8,16
01-18-2014 2300,18.3,15.8
01-19-2014 0000,17.5,15.7
01-19-2014 0100,17.2,15.8
01-19-2014 0200,17.2,15.5
01-19-2014 0300,16.4,15.3
01-19-2014 0400,16.8,15.3
01-19-2014 0500,16,15.1
01-19-2014 0600,14.9,15
01-19-2014 0700,15.1,14.9
01-19-2014 0800,14.8,14.7
01-19-2014 0900,14.7,14.5
01-19-2014 1000,13.7,14.3
01-19-2014 1100,13.2,14.1
01-19-2014 1200,12.9,14.1
01-19-2014 1300,12.8,13.9
01-19-2014 1400,13.4,13.8
01-19-2014 1500,12.4,13.9
01-19-2014 1600,12.7,14.4
01-19-2014 1700,14.7,14.9
01-19-2014 1800,16.3,15.5
01-19-2014 1900,15.7,16.1
01-19-2014 2000,16.4,16.1
01-19-2014 2100,16.6,16.9
01-19-2014 2200,15.5,16.9
01-19-2014 2300,14.6,16.9
01-20-2014 0000,13.7,16.2
01-20-2014 0100,13.4,16.4
01-20-2014 0200,13,16.6
01-20-2014 0300,13.8,15.8
01-20-2014 0400,15.5,15.9
01-20-2014 0500,15.7,16
01-20-2014 0600,16.1,15.9
01-20-2014 0700,16.3,15.7
01-20-2014 0800,16.2,15.7
01-20-2014 0900,16,15.6
01-20-2014 1000,15.4,15.5
01-20-2014 1100,14.9,15.4
01-20-2014 1200,14.3,15.2
01-20-2014 1300,14.2,15
01-20-2014 1400,14.4,14.9
01-20-2014 1500,15.8,15.1
01-20-2014 1600,17.1,15.4
01-20-2014 1700,18.8,15.9
01-20-2014 1800,19.9,16.5
01-20-2014 1900,19.7,17.2
01-20-2014 2000,20,17.7
01-20-2014 2100,20.2,18.3
01-20-2014 2200,19.8,18.3
01-20-2014 2300,18.7,17.9
01-21-2014 0000,17.5,17.6
01-21-2014 0100,17.7,17.4
01-21-2014 0200,17.3,17.1
01-21-2014 0300,17.1,17
01-21-2014 0400,16.7,16.9
01-21-2014 0500,16.3,16.8
01-21-2014 0600,15.9,16.6
01-21-2014 0700,16.2,16.4
01-21-2014 0800,16.6,16.2
01-21-2014 0900,15.7,15.8
01-21-2014 1000,15,15.3
01-21-2014 1100,14.4,14.6
01-21-2014 1200,13.7,14.3
01-21-2014 1300,13.1,14.1
01-21-2014 1400,12.5,14
01-21-2014 1500,12.8,14.3
01-21-2014 1600,13.2,14.2
01-21-2014 1700,13.9,14.5
01-21-2014 1800,14.6,14.7
01-21-2014 1900,14.5,15.2
01-21-2014 2000,15.6,15.7
01-21-2014 2100,16.3,15.7
01-21-2014 2200,16.7,15.1
01-21-2014 2300,16.5,14.9
01-22-2014 0000,16.2,14.7
01-22-2014 0100,15.2,14.8
01-22-2014 0200,14,14.3
01-22-2014 0300,13.7,13.9
01-22-2014 0400,12.6,13.7
01-22-2014 0500,11.6,14.5
01-22-2014 0600,11.3,14.4
01-22-2014 0700,11.2,14.1
01-22-2014 0800,11.5,13.9
01-22-2014 0900,11.5,13.8
01-22-2014 1000,11.1,13.5
01-22-2014 1100,11.1,13.4
01-22-2014 1200,10.7,12.6
01-22-2014 1300,7.3,12.6
01-22-2014 1400,8.7,12.4
01-22-2014 1500,9.3,12.5
01-22-2014 1600,11.3,13
01-22-2014 1700,13.5,13.5
01-22-2014 1800,16.6,14.2
01-22-2014 1900,17,14.9
01-22-2014 2000,17,15.4
01-22-2014 2100,16.8,15.8
01-22-2014 2200,15.9,16
01-22-2014 2300,16.3,15.9
01-23-2014 0000,15.7,15.6
01-23-2014 0100,15.4,15.4
01-23-2014 0200,15.1,15.2
01-23-2014 0300,15.3,15
01-23-2014 0400,15,14.9
01-23-2014 0500,15.3,14.6
01-23-2014 0600,15.5,14.5
01-23-2014 0700,15.4,14.4
01-23-2014 0800,15.2,14.5
01-23-2014 0900,15.4,14.5
01-23-2014 1000,15.7,14.3
01-23-2014 1100,15.1,14.5
01-23-2014 1200,14.3,14.2
01-23-2014 1300,13.9,13.9
01-23-2014 1400,14.7,14.4
01-23-2014 1500,16,14.2
01-23-2014 1600,17.2,14.5
01-23-2014 1700,17.3,15
01-23-2014 1800,17.4,15.4
01-23-2014 1900,17.6,15.8
01-23-2014 2000,18.7,16.4
01-23-2014 2100,18.1,16.6
01-23-2014 2200,18.3,17
01-23-2014 2300,11.2,16.4
01-24-2014 0000,7.9,15.4
01-24-2014 0100,6.5,15.1
01-24-2014 0200,6,14.2
01-24-2014 0300,5.4,13.2
01-24-2014 0400,4.6,13.3
01-24-2014 0500,4.1,12.9
01-24-2014 0600,4.3,11.9
01-24-2014 0700,3.9,12.2
01-24-2014 0800,3.2,12.2
01-24-2014 0900,3.1,12
01-24-2014 1000,2.7,11.9
01-24-2014 1100,1.3,10.9
01-24-2014 1200,0.7,11.5
01-24-2014 1300,0.7,10.7
01-24-2014 1400,0.6,10
01-24-2014 1500,0.2,9.6
01-24-2014 1600,0.1,9.5
01-24-2014 1700,0.1,9.4
01-24-2014 1800,-0.5,9.1
01-24-2014 1900,-0.2,8.8
01-24-2014 2000,0.1,8.8
01-24-2014 2100,0.8,8.7
01-24-2014 2200,1,8.6
01-24-2014 2300,1.3,8.3
01-25-2014 0000,1.7,8.3
01-25-2014 0100,1.8,8.3
01-25-2014 0200,1.9,8.1
01-25-2014 0300,1.7,8
01-25-2014 0400,2,7.8
01-25-2014 0500,2,7.8
01-25-2014 0600,1.9,7.8
01-25-2014 0700,1.8,7.7
01-25-2014 0800,1.8,7.8
01-25-2014 0900,1.6,7.8
01-25-2014 1000,1.5,7.6
01-25-2014 1100,1.4,7.4
01-25-2014 1200,1.3,7.3
01-25-2014 1300,1.3,7.4
01-25-2014 1400,1.5,7.4
01-25-2014 1500,2.3,6.2
01-25-2014 1600,4.2,7
01-25-2014 1700,6.7,7.8
01-25-2014 1800,8.4,8.5
01-25-2014 1900,10.1,9.2
01-25-2014 2000,11.6,9.6
01-25-2014 2100,13.3,9.6
01-25-2014 2200,13,10.1
01-25-2014 2300,11.7,9.5
01-26-2014 0000,11.1,9.4
01-26-2014 0100,10.8,9.2
01-26-2014 0200,11,8.9
01-26-2014 0300,10.8,8.7
01-26-2014 0400,10.7,8.7
01-26-2014 0500,10.5,8.8
01-26-2014 0600,10,8.7
01-26-2014 0700,9.8,8.6
01-26-2014 0800,9.6,8.6
01-26-2014 0900,9.3,8.5
01-26-2014 1000,8.5,8.5
01-26-2014 1100,7.8,8.5
01-26-2014 1200,7.4,8.5
01-26-2014 1300,8.2,8.4
01-26-2014 1400,8.8,8.3
01-26-2014 1500,10.5,8.5
01-26-2014 1600,12.8,8.9
01-26-2014 1700,13.4,9.4
01-26-2014 1800,16.1,10.1
01-26-2014 1900,16.7,10.9
01-26-2014 2000,17.4,11.5
01-26-2014 2100,17.1,12
01-26-2014 2200,17,12.4
01-26-2014 2300,17.2,12.3
01-27-2014 0000,16.7,12.3
01-27-2014 0100,16.2,12.1
01-27-2014 0200,16.6,12
01-27-2014 0300,16.7,12.3
01-27-2014 0400,16.5,12.1
01-27-2014 0500,15.8,11.9
01-27-2014 0600,15.3,11.7
01-27-2014 0700,14.4,11.1
01-27-2014 0800,14,11
01-27-2014 0900,13.6,11
01-27-2014 1000,12.9,11
01-27-2014 1100,12.2,11
01-27-2014 1200,12.6,11.1
01-27-2014 1300,12.3,11.2
01-27-2014 1400,12.7,11.3
01-27-2014 1500,12.7,11.4
01-27-2014 1600,13.1,11.7
01-27-2014 1700,13.2,12.3
01-27-2014 1800,15.1,13.2
01-27-2014 1900,15.7,13.3
01-27-2014 2000,16.7,13.5
01-27-2014 2100,16.9,14.3
01-27-2014 2200,16.4,15
01-27-2014 2300,15.1,14.9
01-28-2014 0000,13.2,14.3
01-28-2014 0100,11.4,14
01-28-2014 0200,10.4,14.3
01-28-2014 0300,9.2,13.7
01-28-2014 0400,8.5,12.7
01-28-2014 0500,8.2,11.4
01-28-2014 0600,7.7,10.9
01-28-2014 0700,7.6,10.6
01-28-2014 0800,7.3,10.5
01-28-2014 0900,6.9,10.6
01-28-2014 1000,6.9,10.8
01-28-2014 1100,5.9,10.9
01-28-2014 1200,5.2,11
01-28-2014 1300,4.8,10.7
01-28-2014 1400,3.7,10.3
01-28-2014 1500,3.6,10.1
01-28-2014 1600,2.8,10
01-28-2014 1700,2.5,10.2
01-28-2014 1800,2.5,10.1
01-28-2014 1900,2.3,10.1
01-28-2014 2000,1.4,9.7
01-28-2014 2100,0.7,9.4
01-28-2014 2200,0.9,9
01-28-2014 2300,0.9,8.7
01-29-2014 0000,1.3,8.5
01-29-2014 0100,1.5,8.3
01-29-2014 0200,1.6,8.1
01-29-2014 0300,1.5,7.9
01-29-2014 0400,1.6,7.6
01-29-2014 0500,1.8,7.9
01-29-2014 0600,2.2,7.8
01-29-2014 0700,2.5,7.8
01-29-2014 0800,2.5,7.8
01-29-2014 0900,2.5,7.6
01-29-2014 1000,2.1,7.3
01-29-2014 1100,1.7,7.2
01-29-2014 1200,1.9,7.2
01-29-2014 1300,2,7.1
01-29-2014 1400,2,6.8
01-29-2014 1500,2,6.5
01-29-2014 1600,2.3,6.7
01-29-2014 1700,2.7,6.6
01-29-2014 1800,3.7,6.7
01-29-2014 1900,3.7,7
01-29-2014 2000,4.4,7.2
01-29-2014 2100,4.7,7.4
01-29-2014 2200,5.1,7.3
01-29-2014 2300,6,7.4
01-30-2014 0000,6.5,6.5
01-30-2014 0100,7,6.2
01-30-2014 0200,7.3,6.3
01-30-2014 0300,7.8,6.2
01-30-2014 0400,8.4,6.3
01-30-2014 0500,8.7,6.7
01-30-2014 0600,9.1,6.4
01-30-2014 0700,9.4,6.6
01-30-2014 0800,9.9,6.5
01-30-2014 0900,10.5,6.4
01-30-2014 1000,10.8,6.5
01-30-2014 1100,11.1,6.6
01-30-2014 1200,11.6,6.7
01-30-2014 1300,11.9,6.8
01-30-2014 1400,12.4,6.8
01-30-2014 1500,13.4,6.9
01-30-2014 1600,11.8,7.1
01-30-2014 1700,11.9,7.5
01-30-2014 1800,15.5,8.2
01-30-2014 1900,16.2,8.6
01-30-2014 2000,16.2,8.9
01-30-2014 2100,16.4,9.5
01-30-2014 2200,15.6,9.8
01-30-2014 2300,15.2,10
01-31-2014 0000,14,9.9
01-31-2014 0100,13.8,9.7
01-31-2014 0200,13,9.7
01-31-2014 0300,14,9.7
01-31-2014 0400,14.6,9.5
01-31-2014 0500,13.8,9.2
01-31-2014 0600,12.8,9.2
01-31-2014 0700,13.1,9.1
01-31-2014 0800,12.8,9
01-31-2014 0900,12.4,8.9
01-31-2014 1000,13,8.8
01-31-2014 1100,13,8.8
01-31-2014 1200,13.1,8.7
01-31-2014 1300,13.8,8.8
01-31-2014 1400,13.5,9
01-31-2014 1500,15.7,9.2
01-31-2014 1600,16.9,9.6
01-31-2014 1700,18.1,10.2
01-31-2014 1800,18.8,10.8
01-31-2014 1900,19.7,11.8
01-31-2014 2000,19.4,12.7
01-31-2014 2100,18.9,13.1
01-31-2014 2200,18.5,13.3
01-31-2014 2300,18.5,13.4
02-01-2014 0000,18,13.2
02-01-2014 0100,17,13.2
02-01-2014 0200,17.3,13.2
02-01-2014 0300,17.2,12.6
02-01-2014 0400,17.3,12.5
02-01-2014 0500,17.4,12.6
02-01-2014 0600,17.2,12.8
02-01-2014 0700,17.3,12.6
02-01-2014 0800,17.1,12.6
02-01-2014 0900,16.7,12.7
02-01-2014 1000,16,12.7
02-01-2014 1100,15.9,12.9
02-01-2014 1200,16.7,12.7
02-01-2014 1300,16.9,12.6
02-01-2014 1400,16.8,12.9
02-01-2014 1500,17.1,13.1
02-01-2014 1600,18.4,13.7
02-01-2014 1700,18.9,13.3
02-01-2014 1800,18.6,14.2
02-01-2014 1900,19.8,14.7
02-01-2014 2000,19.9,15.2
02-01-2014 2100,19.6,15.7
02-01-2014 2200,19.2,16
02-01-2014 2300,18.7,16.1
02-02-2014 0000,18.2,15.9
02-02-2014 0100,17.2,15.7
02-02-2014 0200,17.3,15.6
02-02-2014 0300,17.8,15.5
02-02-2014 0400,17.4,15.3
02-02-2014 0500,17.9,15.3
02-02-2014 0600,17.8,15
02-02-2014 0700,17.3,15.1
02-02-2014 0800,18.2,15
02-02-2014 0900,17.7,15
02-02-2014 1000,17.3,15
02-02-2014 1100,17.5,15.1
02-02-2014 1200,17.2,15.1
02-02-2014 1300,16.7,15.1
02-02-2014 1400,16.9,15.1
02-02-2014 1500,17,15.2
02-02-2014 1600,17.8,15.5
02-02-2014 1700,18.3,15.5
02-02-2014 1800,17.9,15.6
02-02-2014 1900,11.3,15.7
02-02-2014 2000,7.6,15.2
02-02-2014 2100,6.9,15.1
02-02-2014 2200,7.1,14.9
02-02-2014 2300,6.4,14.6
02-03-2014 0000,6.4,14.2
02-03-2014 0100,6.9,13.9
02-03-2014 0200,7,13.8
02-03-2014 0300,6.8,13.7
02-03-2014 0400,6.7,13.5
02-03-2014 0500,6.2,13.2
02-03-2014 0600,6.1,13
02-03-2014 0700,5.6,12.9
02-03-2014 0800,5.6,12.8
02-03-2014 0900,4.5,12.6
02-03-2014 1000,4,12.5
02-03-2014 1100,3.6,11.9
02-03-2014 1200,3.4,11.8
02-03-2014 1300,3.2,11.6
02-03-2014 1400,3.2,10.8
02-03-2014 1500,3.3,10.7
02-03-2014 1600,3.2,10.3
02-03-2014 1700,3.5,10.1
02-03-2014 1800,3.8,10.8
02-03-2014 1900,4.2,10.5
02-03-2014 2000,4.5,10.8
02-03-2014 2100,4.7,10.9
02-03-2014 2200,4.8,10.1
02-03-2014 2300,5,10.5
02-04-2014 0000,5,10.3
02-04-2014 0100,5.2,10
02-04-2014 0200,5.5,10.6
02-04-2014 0300,5.8,10.5
02-04-2014 0400,6.9,10.3
02-04-2014 0500,6.9,10.2
02-04-2014 0600,7.9,9.9
02-04-2014 0700,9.5,9.7
02-04-2014 0800,9.7,9.5
02-04-2014 0900,9.8,10
02-04-2014 1000,10,9.9
02-04-2014 1100,9.3,10
02-04-2014 1200,8.8,10
02-04-2014 1300,8.7,10
02-04-2014 1400,7.9,10
02-04-2014 1500,7.8,9.9
02-04-2014 1600,7.6,9.8
02-04-2014 1700,7.8,10
02-04-2014 1800,8.1,9.9
02-04-2014 1900,8.4,10.1
02-04-2014 2000,9.3,10.3
02-04-2014 2100,10.1,10.5
02-04-2014 2200,11.1,10.2
02-04-2014 2300,11.5,10.6
02-05-2014 0000,11.1,10.2
02-05-2014 0100,10.5,10.3
02-05-2014 0200,10.6,10.3
02-05-2014 0300,10.3,10.2
02-05-2014 0400,10,10.2
02-05-2014 0500,9.9,10.1
02-05-2014 0600,9.9,10
02-05-2014 0700,9.8,9.9
02-05-2014 0800,9.8,9.8
02-05-2014 0900,9.5,9.7
02-05-2014 1000,9.4,9.7
02-05-2014 1100,9.3,9.7
02-05-2014 1200,8.9,9.7
02-05-2014 1300,8.1,9.7
02-05-2014 1400,8.1,9.6
02-05-2014 1500,8.7,9.6
02-05-2014 1600,8.5,9.7
02-05-2014 1700,7.7,9.4
02-05-2014 1800,8.4,9.5
02-05-2014 1900,9.1,9.9
02-05-2014 2000,9.6,10.4
02-05-2014 2100,10.4,10.7
02-05-2014 2200,9.4,10.7
02-05-2014 2300,9.6,10.8
02-06-2014 0000,9.5,10.8
02-06-2014 0100,9,10.5
02-06-2014 0200,8.6,10.5
02-06-2014 0300,8,10.3
02-06-2014 0400,7.4,10.1
02-06-2014 0500,6.6,10
02-06-2014 0600,5.8,9.7
02-06-2014 0700,4.9,9.2
02-06-2014 0800,4.3,8.9
02-06-2014 0900,3.7,8.9
02-06-2014 1000,3.4,8.9
02-06-2014 1100,3,8.6
02-06-2014 1200,2.3,8.5
02-06-2014 1300,1.8,8.3
02-06-2014 1400,1.4,7.7
02-06-2014 1500,1.7,7.8
02-06-2014 1600,1.6,7.6
02-06-2014 1700,1.7,6.9
02-06-2014 1800,2,7
02-06-2014 1900,2.4,7.7
02-06-2014 2000,2.6,7.9
02-06-2014 2100,2.6,7.8
02-06-2014 2200,3.1,7.6
02-06-2014 2300,3.4,7.4
02-07-2014 0000,3.7,7.3
02-07-2014 0100,3.1,7.1
02-07-2014 0200,2.7,6.9
02-07-2014 0300,2.4,6.9
02-07-2014 0400,2.4,6.8
02-07-2014 0500,2.3,6.7
02-07-2014 0600,2.3,6.6
02-07-2014 0700,2.1,6.4
02-07-2014 0800,2.2,6.4
02-07-2014 0900,1.5,6.3
02-07-2014 1000,1,5.9
02-07-2014 1100,1.1,5.8
02-07-2014 1200,1.1,5.9
02-07-2014 1300,0.6,5.9
02-07-2014 1400,0.4,5.8
02-07-2014 1500,0.5,5.8
02-07-2014 1600,0.8,5.6
02-07-2014 1700,0.8,5.5
02-07-2014 1800,1.1,5.4
02-07-2014 1900,1,5.4
02-07-2014 2000,1,5.2
02-07-2014 2100,0.9,5.1
02-07-2014 2200,0.9,5
02-07-2014 2300,1,5
02-08-2014 0000,1.4,4.9
02-08-2014 0100,1.6,4.9
02-08-2014 0200,2,4.8
02-08-2014 0300,1.9,4.8
02-08-2014 0400,2.4,4.9
02-08-2014 0500,2.7,4.8
02-08-2014 0600,3.2,4.8
02-08-2014 0700,3,4.8
02-08-2014 0800,3.1,4.9
02-08-2014 0900,3.2,4.8
02-08-2014 1000,3.6,4.8
02-08-2014 1100,3.9,4.8
02-08-2014 1200,4,4.8
02-08-2014 1300,3.9,4.8
02-08-2014 1400,3.8,4.8
02-08-2014 1500,4,4.9
02-08-2014 1600,4.4,5
02-08-2014 1700,4.9,5.2
02-08-2014 1800,5.8,5.4
02-08-2014 1900,6.4,5.7
02-08-2014 2000,7.5,6
02-08-2014 2100,7.5,6.2
02-08-2014 2200,8.4,6.2
02-08-2014 2300,7.9,6.7
02-09-2014 0000,8.2,6.3
02-09-2014 0100,8.4,5.6
02-09-2014 0200,8.5,5.7
02-09-2014 0300,8.4,5.7
02-09-2014 0400,8.4,5.9
02-09-2014 0500,8.3,6.1
02-09-2014 0600,8.3,6.2
02-09-2014 0700,8.3,6.6
02-09-2014 0800,8,6.4
02-09-2014 0900,7.7,6.4
02-09-2014 1000,7.6,6.4
02-09-2014 1100,7.8,6.4
02-09-2014 1200,8.1,6.4
02-09-2014 1300,8.2,6.4
02-09-2014 1400,8,6.5
02-09-2014 1500,8.5,6.6
02-09-2014 1600,9.1,6.8
02-09-2014 1700,9.5,7.2
02-09-2014 1800,11.1,7.7
02-09-2014 1900,10.6,7.8
02-09-2014 2000,12.2,7.7
02-09-2014 2100,12.3,8
02-09-2014 2200,11.7,9.3
02-09-2014 2300,12.1,9.4
02-10-2014 0000,12.4,9.7
02-10-2014 0100,13.6,10
02-10-2014 0200,14.6,8.7
02-10-2014 0300,16.3,8.6
02-10-2014 0400,16.4,8.2
02-10-2014 0500,15.6,8.7
02-10-2014 0600,15.4,8.8
02-10-2014 0700,15.4,8.4
02-10-2014 0800,15.5,8.5
02-10-2014 0900,16.1,8.6
02-10-2014 1000,15.6,8.4
02-10-2014 1100,15.3,8.5
02-10-2014 1200,15.3,8.5
02-10-2014 1300,13.8,8.5
02-10-2014 1400,13.3,8.4
02-10-2014 1500,13.5,8.4
02-10-2014 1600,14,8.8
02-10-2014 1700,14.7,9.7
02-10-2014 1800,15.7,9.4
02-10-2014 1900,12.6,10.2
02-10-2014 2000,10.1,10.1
02-10-2014 2100,9.1,9.7
02-10-2014 2200,8.5,10.6
02-10-2014 2300,8.1,11.2
02-11-2014 0000,7.6,11.7
02-11-2014 0100,7.1,10.5
02-11-2014 0200,6.9,10.8
02-11-2014 0300,6.7,11.1
02-11-2014 0400,6.6,10
02-11-2014 0500,6.3,9.6
02-11-2014 0600,6.1,9.3
02-11-2014 0700,5.7,9.2
02-11-2014 0800,5.3,9
02-11-2014 0900,5.5,8.7
02-11-2014 1000,4.8,8.5
02-11-2014 1100,4.6,8.3
02-11-2014 1200,4.3,8.2
02-11-2014 1300,4.5,8.1
02-11-2014 1400,3.9,8
02-11-2014 1500,4.2,8
02-11-2014 1600,4,7.9
02-11-2014 1700,3.6,7.9
02-11-2014 1800,3.5,7.9
02-11-2014 1900,3.6,7.8
02-11-2014 2000,3.3,7.9
02-11-2014 2100,3,7.7
02-11-2014 2200,3,7.8
02-11-2014 2300,3.4,7.9
02-12-2014 0000,3.4,7.7
02-12-2014 0100,3.4,7.6
02-12-2014 0200,2.9,7.5
02-12-2014 0300,2.8,7.4
02-12-2014 0400,2.5,7.2
02-12-2014 0500,2.3,7
02-12-2014 0600,2.4,7.1
02-12-2014 0700,2.4,7.1
02-12-2014 0800,2.6,7
02-12-2014 0900,2.4,7.1
02-12-2014 1000,2.1,7.4
02-12-2014 1100,2.2,7.3
02-12-2014 1200,2.2,7.3
02-12-2014 1300,2.5,7.2
02-12-2014 1400,2.6,7
02-12-2014 1500,2.9,6.9
02-12-2014 1600,3.6,7.1
02-12-2014 1700,4.7,7.5
02-12-2014 1800,6.1,7.9
02-12-2014 1900,7.4,8.3
02-12-2014 2000,8.4,8.7
02-12-2014 2100,9.5,9.3
02-12-2014 2200,10,9.5
02-12-2014 2300,10.6,9.7
02-13-2014 0000,10.5,8.8
02-13-2014 0100,10,8.8
02-13-2014 0200,9.2,8.8
02-13-2014 0300,9.2,8.7
02-13-2014 0400,8.1,8.7
02-13-2014 0500,8.1,8.7
02-13-2014 0600,8.3,8.6
02-13-2014 0700,7.3,8.7
02-13-2014 0800,7.1,8.1
02-13-2014 0900,7.6,7.9
02-13-2014 1000,7.9,7.9
02-13-2014 1100,7.3,7.9
02-13-2014 1200,6.7,7.7
02-13-2014 1300,4.9,7.6
02-13-2014 1400,5.2,7.4
02-13-2014 1500,6.5,7.5
02-13-2014 1600,8.7,7.8
02-13-2014 1700,10.2,8
02-13-2014 1800,11.8,8.6
02-13-2014 1900,13.4,9.2
02-13-2014 2000,13.3,9.7
02-13-2014 2100,12.1,10.3
02-13-2014 2200,11.7,10.3
02-13-2014 2300,11.8,10.5
02-14-2014 0000,12,10.4
02-14-2014 0100,12.6,11.1
02-14-2014 0200,12.6,10.2
02-14-2014 0300,12.4,10.2
02-14-2014 0400,12,10
02-14-2014 0500,12.6,9.9
02-14-2014 0600,11.4,9.9
02-14-2014 0700,11.4,9.8
02-14-2014 0800,12.1,9.7
02-14-2014 0900,11.7,9.7
02-14-2014 1000,11.6,9.6
02-14-2014 1100,12.1,9.6
02-14-2014 1200,11,9.5
02-14-2014 1300,11.3,9.5
02-14-2014 1400,12.6,9.5
02-14-2014 1500,13.8,9.8
02-14-2014 1600,15.7,10.2
02-14-2014 1700,16.6,10.8
02-14-2014 1800,18.8,11.5
02-14-2014 1900,20,11.8
02-14-2014 2000,19.8,12.6
02-14-2014 2100,19.2,12.9
02-14-2014 2200,19.2,13.2
02-14-2014 2300,18,13.2
02-15-2014 0000,16.2,13.1
02-15-2014 0100,14.6,12.9
02-15-2014 0200,14.6,12.8
02-15-2014 0300,14.4,12.8
02-15-2014 0400,13.2,12.8
02-15-2014 0500,12.9,13
02-15-2014 0600,13.7,12.9
02-15-2014 0700,14.1,13.2
02-15-2014 0800,13.6,12.8
02-15-2014 0900,13.3,12.7
02-15-2014 1000,13.6,12.4
02-15-2014 1100,13.6,12.6
02-15-2014 1200,12.6,12.6
02-15-2014 1300,12.3,12.8
02-15-2014 1400,12.6,12.7
02-15-2014 1500,14.2,13.1
02-15-2014 1600,15.9,13.6
02-15-2014 1700,16.9,13.8
02-15-2014 1800,17.6,14.2
02-15-2014 1900,17.8,14.4
02-15-2014 2000,17.9,15.4
02-15-2014 2100,18.6,15.9
02-15-2014 2200,18.2,16.1
02-15-2014 2300,17.7,16.1
02-16-2014 0000,17.2,15.6
02-16-2014 0100,16.1,15.6
02-16-2014 0200,16,15.4
02-16-2014 0300,16.3,15.1
02-16-2014 0400,16.8,14.9
02-16-2014 0500,16.2,14.7
02-16-2014 0600,15.9,14.7
02-16-2014 0700,15.8,14.6
02-16-2014 0800,15.6,14.4
02-16-2014 0900,14.9,14.3
02-16-2014 1000,14.5,14.3
02-16-2014 1100,16,14.3
02-16-2014 1200,15.8,14.3
02-16-2014 1300,16.4,14.4
02-16-2014 1400,15.6,14.5
02-16-2014 1500,16.8,14.6
02-16-2014 1600,17.3,14.8
02-16-2014 1700,18.7,15
02-16-2014 1800,20.6,15.5
02-16-2014 1900,20.7,16
02-16-2014 2000,20.5,16.6
02-16-2014 2100,21,17.1
02-16-2014 2200,20.1,17.4
02-16-2014 2300,19.2,17.9
02-17-2014 0000,18.4,17.5
02-17-2014 0100,17.9,17.4
02-17-2014 0200,17.7,17
02-17-2014 0300,17.5,16.7
02-17-2014 0400,17.2,16.7
02-17-2014 0500,17.1,16.5
02-17-2014 0600,16.7,16.5
02-17-2014 0700,16.7,16.4
02-17-2014 0800,16.9,16.3
02-17-2014 0900,17.4,16.4
02-17-2014 1000,17.9,16.6
02-17-2014 1100,18,16.7
02-17-2014 1200,17.6,16.7
02-17-2014 1300,17.2,16.5
02-17-2014 1400,17.4,16.4
02-17-2014 1500,18.7,16.6
02-17-2014 1600,20.4,16.8
02-17-2014 1700,20.6,17.4
02-17-2014 1800,20.8,17.9
02-17-2014 1900,20.6,18.4
02-17-2014 2000,20.1,18.3
02-17-2014 2100,20,19.1
02-17-2014 2200,19.6,19.5
02-17-2014 2300,18.9,19
02-18-2014 0000,18.1,19.6
02-18-2014 0100,17.3,19
02-18-2014 0200,17.1,18.8
02-18-2014 0300,17.8,18.3
02-18-2014 0400,17.3,18.8
02-18-2014 0500,16.8,18.3
02-18-2014 0600,16.5,18.1
02-18-2014 0700,16.2,18
02-18-2014 0800,16.5,17.9
02-18-2014 0900,17.1,18
02-18-2014 1000,16.9,18
02-18-2014 1100,17.2,18
02-18-2014 1200,17.5,17.9
02-18-2014 1300,17,17.9
02-18-2014 1400,17.1,17.9
02-18-2014 1500,17.5,18.1
02-18-2014 1600,17.2,18.3
02-18-2014 1700,17,18.6
02-18-2014 1800,17.8,18.8
02-18-2014 1900,19.5,19.6
02-18-2014 2000,19.3,20.1
02-18-2014 2100,19.2,20.4
02-18-2014 2200,18.8,20.5
02-18-2014 2300,18.2,20.3
02-19-2014 0000,17.7,20.2
02-19-2014 0100,17,19.7
02-19-2014 0200,17.4,19.4
02-19-2014 0300,17.3,19.2
02-19-2014 0400,17.4,18.9
02-19-2014 0500,16.6,18.7
02-19-2014 0600,16.3,18.5
02-19-2014 0700,16.8,18.6
02-19-2014 0800,16.2,18.6
02-19-2014 0900,15.4,18.6
02-19-2014 1000,16.1,18.7
02-19-2014 1100,16.5,18.6
02-19-2014 1200,16.6,18.6
02-19-2014 1300,17,18.6
02-19-2014 1400,16.9,18.4
02-19-2014 1500,17.3,18.2
02-19-2014 1600,17.4,18.5
02-19-2014 1700,16.9,18.7
02-19-2014 1800,18.4,19.1
02-19-2014 1900,19.7,19.6
02-19-2014 2000,19.8,20.2
02-19-2014 2100,19.7,20.5
02-19-2014 2200,19.7,20.7
02-19-2014 2300,19.4,20.7
02-20-2014 0000,18.6,20.4
02-20-2014 0100,17.4,20
02-20-2014 0200,17.3,19.7
02-20-2014 0300,17.2,19.2
02-20-2014 0400,16.7,19.1
02-20-2014 0500,16.9,19
02-20-2014 0600,16.9,19.1
02-20-2014 0700,17.4,18.8
02-20-2014 0800,17.3,18.9
02-20-2014 0900,16.7,19.1
02-20-2014 1000,17.1,19.1
02-20-2014 1100,17.1,18.9
02-20-2014 1200,17.4,18.7
02-20-2014 1300,17.1,18.4
02-20-2014 1400,16.9,18.2
02-20-2014 1500,17.8,18.3
02-20-2014 1600,18.1,18.8
02-20-2014 1700,19.3,19.1
02-20-2014 1800,19.2,19.3
02-20-2014 1900,19.7,19.6
02-20-2014 2000,20,20
02-20-2014 2100,21.2,20.7
02-20-2014 2200,22.2,20.8
02-20-2014 2300,20.6,20.3
02-21-2014 0000,20.5,20.9
02-21-2014 0100,17.7,20.3
02-21-2014 0200,17.8,20.4
02-21-2014 0300,17.8,20
02-21-2014 0400,17.7,20
02-21-2014 0500,19.8,19.6
02-21-2014 0600,18.6,19.1
02-21-2014 0700,17.3,18.7
02-21-2014 0800,16.1,18.4
02-21-2014 0900,15.5,17.7
02-21-2014 1000,14.3,17.4
02-21-2014 1100,13.4,16.9
02-21-2014 1200,13.4,16.3
02-21-2014 1300,13.2,16.4
02-21-2014 1400,13.3,16.2
02-21-2014 1500,13.8,15.9
02-21-2014 1600,14.7,15.8
02-21-2014 1700,15.8,16.8
02-21-2014 1800,16,17.1
02-21-2014 1900,15.8,18.2
02-21-2014 2000,15.5,17.8
02-21-2014 2100,15.1,18.3
02-21-2014 2200,15,18.4
02-21-2014 2300,15.3,18.2
02-22-2014 0000,15,18.3
02-22-2014 0100,14.7,17.8
02-22-2014 0200,14.1,17.5
02-22-2014 0300,14.2,17.5
02-22-2014 0400,13.8,17.5
02-22-2014 0500,14.6,17.4
02-22-2014 0600,15.2,17.4
02-22-2014 0700,14.4,17.5
02-22-2014 0800,14.4,17.2
02-22-2014 0900,14,17.1
02-22-2014 1000,13.9,16.6
02-22-2014 1100,13.7,16.6
02-22-2014 1200,13.9,16.4
02-22-2014 1300,13.9,16.5
02-22-2014 1400,15.1,16.4
02-22-2014 1500,16.5,16
02-22-2014 1600,17.2,16.5
02-22-2014 1700,17.2,16.8
02-22-2014 1800,17,17.1
02-22-2014 1900,17,17.3
02-22-2014 2000,16.3,17.6
02-22-2014 2100,16.6,17.7
02-22-2014 2200,16.2,17.5
02-22-2014 2300,15.7,17.8
02-23-2014 0000,15.5,17.7
02-23-2014 0100,15.7,17.7
02-23-2014 0200,16.5,17.8
02-23-2014 0300,16.3,17.5
02-23-2014 0400,16.6,17.5
02-23-2014 0500,16.3,17.6
02-23-2014 0600,16.2,17.5
02-23-2014 0700,16,17.4
02-23-2014 0800,16.6,17.5
02-23-2014 0900,17.2,17.5
02-23-2014 1000,17.7,17.4
02-23-2014 1100,17.4,17.4
02-23-2014 1200,17.2,17.4
02-23-2014 1300,17.2,17.4
02-23-2014 1400,17.3,17.4
02-23-2014 1500,18,17.3
02-23-2014 1600,18.7,17.5
02-23-2014 1700,19.7,17.8
02-23-2014 1800,20.5,18.1
02-23-2014 1900,21,18.4
02-23-2014 2000,21.8,18.5
02-23-2014 2100,21.8,18.9
02-23-2014 2200,21.2,19.2
02-23-2014 2300,20.4,18.7
02-24-2014 0000,18.6,19.4
02-24-2014 0100,17.3,19.8
02-24-2014 0200,18.2,19.8
02-24-2014 0300,17.9,19.4
02-24-2014 0400,18.2,19.2
02-24-2014 0500,18.4,19.2
02-24-2014 0600,17.9,19.1
02-24-2014 0700,17.4,19.1
02-24-2014 0800,17.6,19.2
02-24-2014 0900,17.8,19.1
02-24-2014 1000,17.1,19
02-24-2014 1100,16.6,19
02-24-2014 1200,16.8,19
02-24-2014 1300,16.8,19.1
02-24-2014 1400,17.1,19.2
02-24-2014 1500,17.8,19.1
02-24-2014 1600,18,19.3
02-24-2014 1700,17.3,19.1
02-24-2014 1800,17.1,19.1
02-24-2014 1900,17,19.5
02-24-2014 2000,17,19.8
02-24-2014 2100,17.9,20.1
02-24-2014 2200,18.1,19.3
02-24-2014 2300,18.4,19.9
02-25-2014 0000,18.2,19.9
02-25-2014 0100,18.2,19.9
02-25-2014 0200,16.7,19.5
02-25-2014 0300,16.3,19.7
02-25-2014 0400,15.7,19.5
02-25-2014 0500,15.5,19.4
02-25-2014 0600,15.1,19.4
02-25-2014 0700,14.9,19.5
02-25-2014 0800,15.8,19.4
02-25-2014 0900,16.1,19.3
02-25-2014 1000,16.3,19.3
02-25-2014 1100,16.7,19.2
02-25-2014 1200,16,19.2
02-25-2014 1300,15.8,19.1
02-25-2014 1400,16.1,19
02-25-2014 1500,17.2,19
02-25-2014 1600,17.5,18.9
02-25-2014 1700,18.2,19
02-25-2014 1800,18.4,19.3
02-25-2014 1900,18.7,19.5
02-25-2014 2000,18.1,19.8
02-25-2014 2100,18.3,20.1
02-25-2014 2200,19.3,20.2
02-25-2014 2300,19.8,20.1
02-26-2014 0000,19.6,20.2
02-26-2014 0100,17.8,20.1
02-26-2014 0200,18.3,20
02-26-2014 0300,18.6,19.7
02-26-2014 0400,19,19.6
02-26-2014 0500,18.8,19.6
02-26-2014 0600,18.7,19.5
02-26-2014 0700,18.4,19.7
02-26-2014 0800,18.1,19.7
02-26-2014 0900,18.6,19.6
02-26-2014 1000,14.9,19.6
02-26-2014 1100,13.5,19.4
02-26-2014 1200,12.1,19
02-26-2014 1300,11.7,18.6
02-26-2014 1400,10.9,18.1
02-26-2014 1500,9.9,17.4
02-26-2014 1600,9.4,17.1
02-26-2014 1700,8.4,16.6
02-26-2014 1800,8.2,16.2
02-26-2014 1900,7.7,15.7
02-26-2014 2000,7.4,15.2
02-26-2014 2100,6.9,14.9
02-26-2014 2200,6.9,14.2
02-26-2014 2300,6.9,14.3
02-27-2014 0000,6.3,14
02-27-2014 0100,6.2,13.2
02-27-2014 0200,5.5,12.8
02-27-2014 0300,4.5,12.7
02-27-2014 0400,4.4,12.3
02-27-2014 0500,4,12.5
02-27-2014 0600,4.4,12.5
02-27-2014 0700,4.6,12.5
02-27-2014 0800,4.9,11
02-27-2014 0900,4.8,12.2
02-27-2014 1000,4.6,12.5
02-27-2014 1100,4.4,12.4
02-27-2014 1200,4.6,12.3
02-27-2014 1300,4.5,11.6
02-27-2014 1400,5.5,11.5
02-27-2014 1500,6,11.3
02-27-2014 1600,6.8,12.4
02-27-2014 1700,7.7,11.7
02-27-2014 1800,8.2,12.3
02-27-2014 1900,8.2,12.5
02-27-2014 2000,8.4,13.2
02-27-2014 2100,8.5,13.6
02-27-2014 2200,8.7,13.7
02-27-2014 2300,9,13.5
02-28-2014 0000,9.5,13.4
02-28-2014 0100,10,14
02-28-2014 0200,10.3,12.9
02-28-2014 0300,10.8,12.8
02-28-2014 0400,11.5,12.9
02-28-2014 0500,11.9,12.6
02-28-2014 0600,11.9,12.5
02-28-2014 0700,11.9,12.5
02-28-2014 0800,12.2,12.3
02-28-2014 0900,12.8,12.3
02-28-2014 1000,13.1,
02-28-2014 1100,12.7,12.2
02-28-2014 1200,12.9,
02-28-2014 1300,13.1,12
02-28-2014 1400,14.4,12
02-28-2014 1500,15.7,12.1
02-28-2014 1600,16.5,13.3
02-28-2014 1700,18.4,13.9
02-28-2014 1800,19.4,14.5
02-28-2014 1900,19.1,14.6
02-28-2014 2000,19.7,15
02-28-2014 2100,19.3,15.4
02-28-2014 2200,19,15.7
02-28-2014 2300,18.6,15.8
03-01-2014 0000,18.1,15.8
03-01-2014 0100,17.5,15.8
03-01-2014 0200,17.6,15.7
03-01-2014 0300,17.8,15.7
03-01-2014 0400,17.8,15.6
03-01-2014 0500,17.6,15.7
03-01-2014 0600,17.4,15.8
03-01-2014 0700,16.8,15.7
03-01-2014 0800,16.4,15.6
03-01-2014 0900,16.1,15.6
03-01-2014 1000,15.8,15.6
03-01-2014 1100,15.9,15.6
03-01-2014 1200,15.1,15.5
03-01-2014 1300,15.5,15.5
03-01-2014 1400,15.9,15.5
03-01-2014 1500,17.3,15.7
03-01-2014 1600,19.2,16
03-01-2014 1700,20.6,16.4
03-01-2014 1800,20.9,16.9
03-01-2014 1900,20.9,17.2
03-01-2014 2000,20,17.5
03-01-2014 2100,20.5,17.9
03-01-2014 2200,20.5,18
03-01-2014 2300,19.7,17.4
03-02-2014 0000,18.6,17.9
03-02-2014 0100,18.8,17.9
03-02-2014 0200,18.6,17.8
03-02-2014 0300,18.4,17.8
03-02-2014 0400,19.2,17.8
03-02-2014 0500,19.4,17.8
03-02-2014 0600,19,17.8
03-02-2014 0700,18.6,17.8
03-02-2014 0800,18.6,17.9
03-02-2014 0900,18.6,18
03-02-2014 1000,18.4,18
03-02-2014 1100,18.5,18.1
03-02-2014 1200,18.3,18
03-02-2014 1300,18.3,18
03-02-2014 1400,18.4,18
03-02-2014 1500,19.1,18.1
03-02-2014 1600,19.5,18.2
03-02-2014 1700,19.4,18.4
03-02-2014 1800,20.7,18.7
03-02-2014 1900,19.6,19
03-02-2014 2000,20.7,19.3
03-02-2014 2100,21.1,19.6
03-02-2014 2200,21.2,19.9
03-02-2014 2300,20.4,20.1
03-03-2014 0000,19.6,19.8
03-03-2014 0100,19.5,19.7
03-03-2014 0200,13.7,19.3
03-03-2014 0300,7.5,19.1
03-03-2014 0400,6.7,18.3
03-03-2014 0500,6.1,17.8
03-03-2014 0600,5.1,17.7
03-03-2014 0700,4.2,16.8
03-03-2014 0800,4.1,15.9
03-03-2014 0900,3.7,16.2
03-03-2014 1000,2.8,15.9
03-03-2014 1100,2,15.1
03-03-2014 1200,1.1,13.9
03-03-2014 1300,0.5,13.8
03-03-2014 1400,0.2,13.8
03-03-2014 1500,0.1,13.8
03-03-2014 1600,0.2,13.7
03-03-2014 1700,0.8,13.4
03-03-2014 1800,1.9,13.2
03-03-2014 1900,2.7,13
03-03-2014 2000,3.9,12.3
03-03-2014 2100,4.6,12.6
03-03-2014 2200,5.4,12.3
03-03-2014 2300,5.3,11.4
03-04-2014 0000,5.2,10.5
03-04-2014 0100,5.2,12.5
03-04-2014 0200,4.9,10.9
03-04-2014 0300,4.5,9
03-04-2014 0400,4.4,10.4
03-04-2014 0500,4.3,9.9
03-04-2014 0600,4.1,10
03-04-2014 0700,3.4,9.9
03-04-2014 0800,2.7,9.6
03-04-2014 0900,2.9,8.7
03-04-2014 1000,2.6,9.8
03-04-2014 1100,3.3,9.4
03-04-2014 1200,2.7,8.4
03-04-2014 1300,2,9.2
03-04-2014 1400,2,8.3
03-04-2014 1500,1.7,8.2
03-04-2014 1600,2.2,8.2
03-04-2014 1700,2.5,8.5
03-04-2014 1800,2.6,8.2
03-04-2014 1900,2.9,8.3
03-04-2014 2000,2.8,8.6
03-04-2014 2100,3.1,8.5
03-04-2014 2200,3.4,8.7
03-04-2014 2300,3.8,8.8
03-05-2014 0000,4.3,8.3
03-05-2014 0100,4,8.2
03-05-2014 0200,4.1,8
03-05-2014 0300,4.9,7.9
03-05-2014 0400,5.3,8.4
03-05-2014 0500,5.5,8.6
03-05-2014 0600,5.7,8.7
03-05-2014 0700,5.7,8.6
03-05-2014 0800,5.6,8.5
03-05-2014 0900,5.8,8.4
03-05-2014 1000,6,8.2
03-05-2014 1100,6.8,8.2
03-05-2014 1200,6.8,8.2
03-05-2014 1300,6.6,8
03-05-2014 1400,6.6,8.3
03-05-2014 1500,6.8,8.4
03-05-2014 1600,7.7,8.5
03-05-2014 1700,7.8,8.6
03-05-2014 1800,8.5,8.7
03-05-2014 1900,9,8.7
03-05-2014 2000,9.6,8.8
03-05-2014 2100,10.5,9.1
03-05-2014 2200,10.5,9.1
03-05-2014 2300,10.6,9.1
03-06-2014 0000,10.6,9.3
03-06-2014 0100,10.8,9.4
03-06-2014 0200,10.7,9.4
03-06-2014 0300,10.8,9.5
03-06-2014 0400,11,9.7
03-06-2014 0500,11.3,9.7
03-06-2014 0600,11.2,9.6
03-06-2014 0700,11.3,9.6
03-06-2014 0800,11.4,9.6
03-06-2014 0900,11.4,9.5
03-06-2014 1000,11,9.3
03-06-2014 1100,10.1,9.6
03-06-2014 1200,10.3,9.5
03-06-2014 1300,10.3,9.6
03-06-2014 1400,10.1,9.6
03-06-2014 1500,9.9,9.7
03-06-2014 1600,10.6,10.2
03-06-2014 1700,11.1,10.7
03-06-2014 1800,11.9,11.2
03-06-2014 1900,13.2,11.9
03-06-2014 2000,12.8,12.5
03-06-2014 2100,13.7,13
03-06-2014 2200,13.3,12.5
03-06-2014 2300,13.4,14.3
03-07-2014 0000,12.9,14
03-07-2014 0100,12.2,13.7
03-07-2014 0200,12,13.3
03-07-2014 0300,12.1,12.7
03-07-2014 0400,12.1,12.4
03-07-2014 0500,12.4,12.3
03-07-2014 0600,12.1,12.4
03-07-2014 0700,12.2,12.3
03-07-2014 0800,12.1,12.1
03-07-2014 0900,11.9,12
03-07-2014 1000,11.5,11.8
03-07-2014 1100,11.7,11.4
03-07-2014 1200,11.2,11.6
03-07-2014 1300,11.5,11.1
03-07-2014 1400,13.2,11.3
03-07-2014 1500,14.8,11.6
03-07-2014 1600,15.1,11.9
03-07-2014 1700,15.5,12.4
03-07-2014 1800,15.8,12.8
03-07-2014 1900,16.3,13.2
03-07-2014 2000,17.1,13.8
03-07-2014 2100,17.6,14.4
03-07-2014 2200,17.3,14.5
03-07-2014 2300,17.5,14.5
03-08-2014 0000,16.8,14.4
03-08-2014 0100,16,14.3
03-08-2014 0200,16.1,14
03-08-2014 0300,16.4,13.9
03-08-2014 0400,16.2,14
03-08-2014 0500,16.1,13.8
03-08-2014 0600,16.6,13.8
03-08-2014 0700,16.5,13.8
03-08-2014 0800,16.5,13.8
03-08-2014 0900,17.2,13.9
03-08-2014 1000,17.2,13.9
03-08-2014 1100,17.1,13.9
03-08-2014 1200,16.6,14
03-08-2014 1300,16.1,14
03-08-2014 1400,16.7,14.1
03-08-2014 1500,17.7,14.2
03-08-2014 1600,19.3,14.6
03-08-2014 1700,19,14.9
03-08-2014 1800,19.3,15.6
03-08-2014 1900,18.1,16.1
03-08-2014 2000,18.4,16
03-08-2014 2100,18.3,16.2
03-08-2014 2200,17.9,17.9
03-08-2014 2300,18,17.2
03-09-2014 0000,17.7,17.2
03-09-2014 0100,17.3,16.7
03-09-2014 0200,16.8,16.8
03-09-2014 0300,16.7,16.3
03-09-2014 0400,16.4,17.1
03-09-2014 0500,15.3,16.8
03-09-2014 0600,11.8,16.3
03-09-2014 0700,11.4,16.6
03-09-2014 0800,11,15.8
03-09-2014 0900,10.3,15.5
03-09-2014 1000,10.6,15.2
03-09-2014 1100,9.3,14.8
03-09-2014 1200,9.8,14.6
03-09-2014 1300,9.3,14.4
03-09-2014 1400,9.1,14
03-09-2014 1500,8.6,14
03-09-2014 1600,8.6,13.8
03-09-2014 1700,8.3,13.7
03-09-2014 1800,8.1,13.4
03-09-2014 1900,8.4,13.3
03-09-2014 2000,9.3,13.3
03-09-2014 2100,9.8,13.2
03-09-2014 2200,10.5,13.2
03-09-2014 2300,10.7,13
03-10-2014 0000,11.2,13.4
03-10-2014 0100,11.6,13.4
03-10-2014 0200,11.7,12.8
03-10-2014 0300,11.7,13
03-10-2014 0400,11.4,13.1
03-10-2014 0500,11.3,13
03-10-2014 0600,11.1,12.9
03-10-2014 0700,11.2,12.6
03-10-2014 0800,11.3,12.7
03-10-2014 0900,11.6,12.7
03-10-2014 1000,11.2,12.9
03-10-2014 1100,10.9,12.4
03-10-2014 1200,10.9,12.8
03-10-2014 1300,10.9,12.4
03-10-2014 1400,10.9,12.6
03-10-2014 1500,11.1,12.8
03-10-2014 1600,11.7,12.6
03-10-2014 1700,12,12.7
03-10-2014 1800,12,12.6
03-10-2014 1900,12.1,13.1
03-10-2014 2000,12.7,13.3
03-10-2014 2100,13.4,13.4
03-10-2014 2200,13.5,13.5
03-10-2014 2300,13.5,13.4
