lead_time,cycle,neurons,dropout,activation,num_layers,val_mae12,n_reps
3.0,0.0,16.0,0.0,relu,1.0,0.33239273230234784,3
3.0,0.0,128.0,0.0,selu,3.0,0.33503153920173645,3
3.0,0.0,16.0,0.0,selu,1.0,0.33632785081863403,3
3.0,0.0,256.0,0.0,selu,3.0,0.33682061235109967,3
3.0,0.0,256.0,0.0,selu,1.0,0.3514830867449443,3
3.0,0.0,128.0,0.0,relu,2.0,0.3533145487308502,3
3.0,0.0,128.0,0.0,selu,2.0,0.35441794991493225,3
3.0,0.0,64.0,0.0,selu,1.0,0.35894113779067993,3
3.0,0.0,16.0,0.0,selu,2.0,0.3648987114429474,3
3.0,0.0,32.0,0.0,selu,3.0,0.36536025007565814,3
3.0,0.0,32.0,0.0,selu,2.0,0.3662969668706258,3
3.0,0.0,256.0,0.0,selu,2.0,0.36851664384206134,3
3.0,0.0,128.0,0.0,selu,1.0,0.369251807530721,3
3.0,0.0,64.0,0.0,selu,2.0,0.37064045667648315,3
3.0,0.0,32.0,0.0,selu,1.0,0.37456367413202923,3
3.0,0.0,16.0,0.0,selu,3.0,0.3765612045923869,3
3.0,0.0,256.0,0.0,relu,2.0,0.3789178927739461,3
3.0,0.0,128.0,0.0,relu,3.0,0.38369179765383404,3
3.0,0.0,256.0,0.1,relu,1.0,0.3846701482931773,3
3.0,0.0,64.0,0.0,selu,3.0,0.39019307494163513,3
3.0,1.0,256.0,0.0,selu,1.0,0.33251679937044776,3
3.0,1.0,16.0,0.0,leaky_relu,1.0,0.3360370496908824,3
3.0,1.0,128.0,0.0,selu,1.0,0.33721889058748883,3
3.0,1.0,256.0,0.0,leaky_relu,1.0,0.34487249453862506,3
3.0,1.0,16.0,0.0,relu,1.0,0.34625312685966486,3
3.0,1.0,32.0,0.0,leaky_relu,1.0,0.353311131397883,3
3.0,1.0,32.0,0.0,relu,1.0,0.35486723979314166,3
3.0,1.0,16.0,0.0,selu,1.0,0.35955633719762164,3
3.0,1.0,64.0,0.0,leaky_relu,1.0,0.3763187726338704,3
3.0,1.0,64.0,0.0,selu,1.0,0.37741852800051373,3
3.0,1.0,64.0,0.0,relu,1.0,0.3888540466626485,3
3.0,1.0,256.0,0.0,relu,1.0,0.3891763786474864,3
3.0,1.0,256.0,0.0,leaky_relu,2.0,0.3913868268330892,3
3.0,1.0,16.0,0.0,selu,2.0,0.3917916218439738,3
3.0,1.0,32.0,0.0,selu,1.0,0.39337804913520813,3
3.0,1.0,128.0,0.0,leaky_relu,1.0,0.3980482319990794,3
3.0,1.0,128.0,0.0,relu,1.0,0.40348108609517414,3
3.0,1.0,16.0,0.0,relu,3.0,0.4066724280516307,3
3.0,1.0,32.0,0.0,leaky_relu,2.0,0.40813112258911133,3
3.0,1.0,16.0,0.0,leaky_relu,2.0,0.4090598424275716,3
3.0,2.0,256.0,0.0,selu,1.0,0.3247782886028289,3
3.0,2.0,256.0,0.0,selu,3.0,0.34422680735588074,3
3.0,2.0,16.0,0.0,selu,2.0,0.35053519407908124,3
3.0,2.0,64.0,0.0,selu,1.0,0.3507378300031026,3
3.0,2.0,32.0,0.0,selu,2.0,0.35658963521321607,3
3.0,2.0,256.0,0.0,leaky_relu,2.0,0.35695810119311017,3
3.0,2.0,16.0,0.0,selu,3.0,0.3678058882554372,3
3.0,2.0,256.0,0.0,selu,2.0,0.36981139580408734,3
3.0,2.0,64.0,0.0,selu,2.0,0.3811492125193278,3
3.0,2.0,64.0,0.0,selu,3.0,0.3813251256942749,3
3.0,2.0,128.0,0.0,selu,3.0,0.3826245069503784,3
3.0,2.0,128.0,0.0,selu,2.0,0.38993846376736957,3
3.0,2.0,32.0,0.0,selu,3.0,0.3956660230954488,3
3.0,2.0,256.0,0.0,leaky_relu,3.0,0.39931656916936237,3
3.0,2.0,128.0,0.0,selu,1.0,0.3993303378423054,3
3.0,2.0,256.0,0.0,relu,2.0,0.403138389190038,3
3.0,2.0,128.0,0.0,leaky_relu,3.0,0.43143558502197266,3
3.0,2.0,128.0,0.0,relu,3.0,0.4469377398490906,3
3.0,2.0,64.0,0.0,relu,3.0,0.4886840482552846,3
3.0,2.0,16.0,0.3,relu,1.0,0.5172307888666788,3
3.0,3.0,256.0,0.0,selu,1.0,0.4996518890062968,3
3.0,3.0,64.0,0.0,leaky_relu,1.0,0.5087380409240723,3
3.0,3.0,256.0,0.0,leaky_relu,1.0,0.5092466870943705,3
3.0,3.0,256.0,0.0,relu,1.0,0.5108587543169657,3
3.0,3.0,32.0,0.0,leaky_relu,1.0,0.5110931197802225,3
3.0,3.0,128.0,0.0,leaky_relu,2.0,0.5112636685371399,3
3.0,3.0,256.0,0.0,selu,2.0,0.5123643279075623,3
3.0,3.0,32.0,0.0,relu,1.0,0.5155240297317505,3
3.0,3.0,128.0,0.0,leaky_relu,1.0,0.5170130530993143,3
3.0,3.0,256.0,0.0,leaky_relu,2.0,0.5184385776519775,3
3.0,3.0,256.0,0.0,relu,2.0,0.5230435132980347,3
3.0,3.0,16.0,0.0,selu,1.0,0.5240760842959086,3
3.0,3.0,16.0,0.0,leaky_relu,1.0,0.5267887115478516,3
3.0,3.0,64.0,0.0,relu,1.0,0.5277471741040548,3
3.0,3.0,16.0,0.0,relu,1.0,0.5301817456881205,3
3.0,3.0,128.0,0.0,relu,2.0,0.5303082664807638,3
3.0,3.0,16.0,0.0,selu,2.0,0.5342047015825907,3
3.0,3.0,64.0,0.0,leaky_relu,2.0,0.5343639254570007,3
3.0,3.0,128.0,0.0,relu,1.0,0.5361992120742798,3
3.0,3.0,128.0,0.05,leaky_relu,1.0,0.5362730026245117,3
6.0,0.0,128.0,0.0,selu,3.0,0.4408164421717326,3
6.0,0.0,256.0,0.0,selu,1.0,0.44397638241449994,3
6.0,0.0,256.0,0.0,selu,2.0,0.44842518369356793,3
6.0,0.0,128.0,0.0,selu,2.0,0.4587675631046295,3
6.0,0.0,256.0,0.0,selu,3.0,0.460890531539917,3
6.0,0.0,64.0,0.0,selu,2.0,0.4697510202725728,3
6.0,0.0,128.0,0.0,relu,3.0,0.4699549376964569,3
6.0,0.0,256.0,0.1,relu,1.0,0.47442371646563214,3
6.0,0.0,16.0,0.0,selu,2.0,0.4759096602598826,3
6.0,0.0,128.0,0.0,selu,1.0,0.47622911135355633,3
6.0,0.0,16.0,0.0,selu,1.0,0.47625015179316205,3
6.0,0.0,32.0,0.0,selu,2.0,0.4781872630119324,3
6.0,0.0,128.0,0.05,relu,2.0,0.4783661961555481,3
6.0,0.0,64.0,0.0,relu,2.0,0.47898616393407184,3
6.0,0.0,64.0,0.0,selu,3.0,0.47932435075442,3
6.0,0.0,128.0,0.0,relu,2.0,0.4832301735877991,3
6.0,0.0,32.0,0.0,selu,1.0,0.48418715596199036,3
6.0,0.0,16.0,0.0,selu,3.0,0.48419511318206787,3
6.0,0.0,256.0,0.1,relu,2.0,0.4863826135794322,3
6.0,0.0,32.0,0.0,selu,3.0,0.48850055535634357,3
6.0,1.0,16.0,0.0,relu,1.0,0.496305247147878,3
6.0,1.0,256.0,0.0,selu,1.0,0.5129912793636322,3
6.0,1.0,256.0,0.0,relu,1.0,0.5152088900407156,3
6.0,1.0,32.0,0.0,leaky_relu,1.0,0.518329938252767,3
6.0,1.0,32.0,0.0,selu,2.0,0.5188746849695841,3
6.0,1.0,32.0,0.0,relu,1.0,0.5257579783598582,3
6.0,1.0,128.0,0.0,selu,1.0,0.5262529452641805,3
6.0,1.0,256.0,0.0,leaky_relu,1.0,0.5285131136576334,3
6.0,1.0,128.0,0.0,leaky_relu,2.0,0.5295879443486532,3
6.0,1.0,16.0,0.0,selu,2.0,0.5324363013108572,3
6.0,1.0,64.0,0.0,selu,3.0,0.5357550779978434,3
6.0,1.0,32.0,0.0,selu,3.0,0.5362119476000468,3
6.0,1.0,64.0,0.0,relu,1.0,0.538471519947052,3
6.0,1.0,64.0,0.0,leaky_relu,1.0,0.5399611592292786,3
6.0,1.0,128.0,0.0,relu,2.0,0.5467609961827596,3
6.0,1.0,256.0,0.0,selu,2.0,0.5498309135437012,3
6.0,1.0,64.0,0.0,leaky_relu,3.0,0.5505955020586649,3
6.0,1.0,64.0,0.0,selu,2.0,0.5520891149838766,3
6.0,1.0,64.0,0.0,selu,1.0,0.553038497765859,3
6.0,1.0,32.0,0.0,relu,2.0,0.5570027430852255,3
6.0,2.0,256.0,0.0,selu,3.0,0.4461783170700073,3
6.0,2.0,256.0,0.0,selu,2.0,0.44631410638491315,3
6.0,2.0,256.0,0.0,selu,1.0,0.46274174253145856,3
6.0,2.0,16.0,0.0,selu,2.0,0.46532976627349854,3
6.0,2.0,256.0,0.0,leaky_relu,2.0,0.4843900501728058,3
6.0,2.0,32.0,0.0,selu,2.0,0.4927291174729665,3
6.0,2.0,16.0,0.0,selu,3.0,0.5009743173917135,3
6.0,2.0,128.0,0.0,selu,2.0,0.5017333229382833,3
6.0,2.0,128.0,0.0,selu,1.0,0.5031648774941763,3
6.0,2.0,32.0,0.0,selu,3.0,0.50418092807134,3
6.0,2.0,64.0,0.0,selu,2.0,0.5065916379292806,3
6.0,2.0,256.0,0.0,relu,2.0,0.5144217809041342,3
6.0,2.0,64.0,0.0,leaky_relu,3.0,0.5182513991991679,3
6.0,2.0,64.0,0.0,selu,1.0,0.5231253902117411,3
6.0,2.0,64.0,0.0,selu,3.0,0.5273886223634084,3
6.0,2.0,128.0,0.0,leaky_relu,3.0,0.5357861121495565,3
6.0,2.0,128.0,0.0,selu,3.0,0.5477064649264017,3
6.0,2.0,256.0,0.0,leaky_relu,3.0,0.5702754656473795,3
6.0,2.0,64.0,0.0,relu,3.0,0.615693191687266,3
6.0,2.0,128.0,0.0,relu,3.0,0.6415744622548422,3
6.0,3.0,256.0,0.0,relu,2.0,0.6256454586982727,3
6.0,3.0,256.0,0.0,leaky_relu,2.0,0.6287955244382223,3
6.0,3.0,256.0,0.0,leaky_relu,3.0,0.6421274542808533,3
6.0,3.0,128.0,0.0,relu,2.0,0.644167979558309,3
6.0,3.0,256.0,0.0,selu,1.0,0.6443848212560018,3
6.0,3.0,256.0,0.0,leaky_relu,1.0,0.6601171294848124,3
6.0,3.0,256.0,0.0,relu,1.0,0.6605146129926046,3
6.0,3.0,128.0,0.0,leaky_relu,3.0,0.6634201010068258,3
6.0,3.0,128.0,0.0,leaky_relu,2.0,0.6721504330635071,3
6.0,3.0,256.0,0.0,selu,2.0,0.6724895437558492,3
6.0,3.0,256.0,0.05,relu,1.0,0.6744540532430013,3
6.0,3.0,64.0,0.0,leaky_relu,1.0,0.6758850614229838,3
6.0,3.0,128.0,0.0,leaky_relu,1.0,0.6775418917338053,3
6.0,3.0,256.0,0.1,relu,1.0,0.6778962214787801,3
6.0,3.0,32.0,0.0,relu,1.0,0.6795547405878702,3
6.0,3.0,128.0,0.0,relu,1.0,0.686049222946167,3
6.0,3.0,128.0,0.05,relu,1.0,0.6868248581886292,3
6.0,3.0,64.0,0.0,leaky_relu,2.0,0.686928391456604,3
6.0,3.0,64.0,0.05,leaky_relu,1.0,0.6869720419247946,3
6.0,3.0,256.0,0.05,leaky_relu,1.0,0.688795288403829,3
12.0,0.0,256.0,0.0,selu,3.0,0.5522248347600301,3
12.0,0.0,256.0,0.0,selu,1.0,0.5646199782689413,3
12.0,0.0,16.0,0.0,selu,3.0,0.5700141191482544,3
12.0,0.0,64.0,0.0,selu,2.0,0.5761256019274393,3
12.0,0.0,256.0,0.0,selu,2.0,0.5836937626202902,3
12.0,0.0,128.0,0.0,selu,3.0,0.5879926085472107,3
12.0,0.0,16.0,0.0,selu,1.0,0.594180146853129,3
12.0,0.0,64.0,0.0,selu,3.0,0.5964983304341634,3
12.0,0.0,128.0,0.0,selu,2.0,0.600631833076477,3
12.0,0.0,128.0,0.0,selu,1.0,0.6009220480918884,3
12.0,0.0,32.0,0.0,selu,1.0,0.6095381776491801,3
12.0,0.0,64.0,0.0,selu,1.0,0.6134899059931437,3
12.0,0.0,32.0,0.0,selu,3.0,0.6144070029258728,3
12.0,0.0,256.0,0.1,relu,2.0,0.614508589108785,3
12.0,0.0,128.0,0.05,relu,2.0,0.615820030371348,3
12.0,0.0,256.0,0.05,relu,2.0,0.6171649297078451,3
12.0,0.0,128.0,0.0,relu,2.0,0.6183816393216451,3
12.0,0.0,256.0,0.0,relu,2.0,0.6191443006197611,3
12.0,0.0,128.0,0.1,relu,2.0,0.6288297573725382,3
12.0,0.0,64.0,0.0,relu,2.0,0.6297046740849813,3
12.0,1.0,16.0,0.0,relu,1.0,0.6292563676834106,3
12.0,1.0,32.0,0.0,leaky_relu,1.0,0.6327954332033793,3
12.0,1.0,128.0,0.0,selu,2.0,0.643049975236257,3
12.0,1.0,64.0,0.0,selu,2.0,0.6444680293401083,3
12.0,1.0,128.0,0.0,relu,1.0,0.6473712722460429,3
12.0,1.0,16.0,0.0,leaky_relu,1.0,0.6488950451215109,3
12.0,1.0,256.0,0.0,selu,3.0,0.6518558263778687,3
12.0,1.0,256.0,0.0,selu,1.0,0.6521538297335306,3
12.0,1.0,32.0,0.3,leaky_relu,1.0,0.6539586583773295,3
12.0,1.0,128.0,0.0,selu,1.0,0.6544821659723917,3
12.0,1.0,32.0,0.0,selu,2.0,0.6555027564366659,3
12.0,1.0,256.0,0.0,selu,2.0,0.6574167807896932,3
12.0,1.0,32.0,0.0,selu,3.0,0.6619636019070944,3
12.0,1.0,128.0,0.0,selu,3.0,0.6629475156466166,3
12.0,1.0,64.0,0.0,selu,3.0,0.6651807824770609,3
12.0,1.0,16.0,0.0,selu,2.0,0.6744571725527445,3
12.0,1.0,64.0,0.0,relu,2.0,0.6761520107587179,3
12.0,1.0,128.0,0.0,relu,2.0,0.6803934375445048,3
12.0,1.0,64.0,0.0,relu,1.0,0.6849821209907532,3
12.0,1.0,256.0,0.0,relu,1.0,0.6849997838338217,3
12.0,2.0,256.0,0.0,selu,2.0,0.5953093767166138,3
12.0,2.0,256.0,0.0,leaky_relu,2.0,0.6424086689949036,3
12.0,2.0,64.0,0.0,selu,2.0,0.6594636638959249,3
12.0,2.0,64.0,0.0,leaky_relu,3.0,0.6632895668347677,3
12.0,2.0,256.0,0.0,selu,3.0,0.6686554948488871,3
12.0,2.0,256.0,0.0,relu,2.0,0.6696480313936869,3
12.0,2.0,128.0,0.0,selu,2.0,0.6709174513816833,3
12.0,2.0,256.0,0.0,leaky_relu,3.0,0.6749584476153055,3
12.0,2.0,16.0,0.0,selu,3.0,0.6750374039014181,3
12.0,2.0,256.0,0.0,selu,1.0,0.6765760978062948,3
12.0,2.0,128.0,0.0,selu,3.0,0.6873642603556315,3
12.0,2.0,64.0,0.0,selu,3.0,0.6875515778859457,3
12.0,2.0,32.0,0.0,selu,2.0,0.6967969139417013,3
12.0,2.0,32.0,0.0,selu,3.0,0.6976003845532736,3
12.0,2.0,128.0,0.0,leaky_relu,3.0,0.7013770143191019,3
12.0,2.0,64.0,0.0,selu,1.0,0.7247961759567261,3
12.0,2.0,128.0,0.0,relu,3.0,0.7357409596443176,3
12.0,2.0,128.0,0.0,selu,1.0,0.7564267118771871,3
12.0,2.0,16.0,0.3,leaky_relu,1.0,0.7948553562164307,3
12.0,2.0,32.0,0.3,leaky_relu,1.0,0.8603894710540771,3
12.0,3.0,128.0,0.05,leaky_relu,1.0,0.7367137670516968,3
12.0,3.0,256.0,0.1,relu,1.0,0.7388506929079691,3
12.0,3.0,256.0,0.0,leaky_relu,1.0,0.7447620232899984,3
12.0,3.0,256.0,0.05,relu,1.0,0.755160907904307,3
12.0,3.0,256.0,0.0,relu,2.0,0.7554880777994791,3
12.0,3.0,256.0,0.0,leaky_relu,2.0,0.7590413490931193,3
12.0,3.0,128.0,0.1,leaky_relu,1.0,0.7662508885065714,3
12.0,3.0,64.0,0.05,relu,1.0,0.7666459878285726,3
12.0,3.0,64.0,0.0,relu,1.0,0.7693157394727071,3
12.0,3.0,256.0,0.0,leaky_relu,3.0,0.7702744205792745,3
12.0,3.0,128.0,0.05,relu,1.0,0.7764711976051331,3
12.0,3.0,256.0,0.05,leaky_relu,1.0,0.7792792717615763,3
12.0,3.0,128.0,0.0,leaky_relu,1.0,0.7817237774531046,3
12.0,3.0,128.0,0.0,leaky_relu,2.0,0.7927477558453878,3
12.0,3.0,256.0,0.0,selu,1.0,0.7957529624303182,3
12.0,3.0,256.0,0.1,leaky_relu,1.0,0.8009425004323324,3
12.0,3.0,128.0,0.0,relu,1.0,0.8013633886973063,3
12.0,3.0,32.0,0.05,leaky_relu,1.0,0.8037792841593424,3
12.0,3.0,32.0,0.05,relu,1.0,0.8052366574605306,3
12.0,3.0,64.0,0.1,relu,1.0,0.8110825816790262,3
18.0,0.0,256.0,0.0,selu,3.0,0.6069812973340353,3
18.0,0.0,128.0,0.0,selu,2.0,0.6277415156364441,3
18.0,0.0,16.0,0.0,selu,3.0,0.6330429514249166,3
18.0,0.0,128.0,0.0,selu,3.0,0.638232409954071,3
18.0,0.0,256.0,0.0,selu,1.0,0.6399749914805094,3
18.0,0.0,256.0,0.0,selu,2.0,0.6452305118242899,3
18.0,0.0,64.0,0.0,selu,3.0,0.6506944497426351,3
18.0,0.0,64.0,0.0,leaky_relu,1.0,0.6527689894040426,3
18.0,0.0,32.0,0.0,selu,3.0,0.6534972985585531,3
18.0,0.0,256.0,0.0,relu,2.0,0.6536149183909098,3
18.0,0.0,64.0,0.0,relu,2.0,0.653940220673879,3
18.0,0.0,256.0,0.1,relu,2.0,0.6572789748509725,3
18.0,0.0,64.0,0.0,selu,2.0,0.6608542203903198,3
18.0,0.0,256.0,0.05,leaky_relu,1.0,0.6679738759994507,3
18.0,0.0,16.0,0.0,selu,1.0,0.670729418595632,3
18.0,0.0,128.0,0.0,selu,1.0,0.6809196074803671,3
18.0,0.0,256.0,0.05,relu,2.0,0.6861591935157776,3
18.0,0.0,128.0,0.1,relu,2.0,0.6862576603889465,3
18.0,0.0,64.0,0.0,selu,1.0,0.6909109155337015,3
18.0,0.0,16.0,0.0,selu,2.0,0.6922894914944967,3
18.0,1.0,128.0,0.0,selu,2.0,0.7142958839734396,3
18.0,1.0,32.0,0.0,selu,2.0,0.7239054044087728,3
18.0,1.0,32.0,0.3,leaky_relu,1.0,0.7305713097254435,3
18.0,1.0,64.0,0.0,selu,2.0,0.7314075032869974,3
18.0,1.0,256.0,0.0,selu,3.0,0.732789158821106,3
18.0,1.0,256.0,0.0,selu,1.0,0.7331987222035726,3
18.0,1.0,16.0,0.0,relu,1.0,0.7357051769892374,3
18.0,1.0,256.0,0.0,selu,2.0,0.7414121230443319,3
18.0,1.0,64.0,0.0,selu,1.0,0.7445625265439352,3
18.0,1.0,128.0,0.0,relu,2.0,0.7468484044075012,3
18.0,1.0,128.0,0.0,selu,3.0,0.7491241097450256,3
18.0,1.0,16.0,0.0,relu,2.0,0.7497641444206238,3
18.0,1.0,128.0,0.0,selu,1.0,0.7507698933283488,3
18.0,1.0,256.0,0.0,relu,1.0,0.7509373823801676,3
18.0,1.0,128.0,0.0,relu,1.0,0.7550873557726542,3
18.0,1.0,128.0,0.0,leaky_relu,2.0,0.7560300230979919,3
18.0,1.0,16.0,0.0,selu,3.0,0.758786936601003,3
18.0,1.0,32.0,0.0,leaky_relu,2.0,0.760005533695221,3
18.0,1.0,16.0,0.0,selu,2.0,0.765352725982666,3
18.0,1.0,16.0,0.0,selu,1.0,0.7661715745925903,3
18.0,2.0,256.0,0.0,selu,2.0,0.696571409702301,3
18.0,2.0,256.0,0.0,leaky_relu,2.0,0.7082834442456564,3
18.0,2.0,256.0,0.0,relu,2.0,0.7236531575520834,3
18.0,2.0,128.0,0.0,leaky_relu,3.0,0.7268854777018229,3
18.0,2.0,256.0,0.0,leaky_relu,3.0,0.7318381468454996,3
18.0,2.0,32.0,0.0,selu,2.0,0.7318467895189921,3
18.0,2.0,64.0,0.0,selu,2.0,0.7323711713155111,3
18.0,2.0,256.0,0.0,selu,1.0,0.737210214138031,3
18.0,2.0,32.0,0.0,selu,3.0,0.745393971602122,3
18.0,2.0,128.0,0.0,selu,2.0,0.7471251289049784,3
18.0,2.0,128.0,0.0,selu,3.0,0.757200022538503,3
18.0,2.0,256.0,0.0,selu,3.0,0.7602230509122213,3
18.0,2.0,16.0,0.0,selu,3.0,0.7748629450798035,3
18.0,2.0,64.0,0.0,selu,3.0,0.7885769406954447,3
18.0,2.0,128.0,0.0,selu,1.0,0.7989877661069235,3
18.0,2.0,64.0,0.0,relu,3.0,0.8158187468846639,3
18.0,2.0,64.0,0.0,selu,1.0,0.8466466069221497,3
18.0,2.0,16.0,0.1,leaky_relu,1.0,0.8467986583709717,3
18.0,2.0,16.0,0.3,leaky_relu,1.0,0.9165715177853903,3
18.0,2.0,128.0,0.0,relu,3.0,0.9209454854329427,3
18.0,3.0,256.0,0.1,relu,1.0,0.850404421488444,3
18.0,3.0,256.0,0.05,relu,1.0,0.8749749461809794,3
18.0,3.0,128.0,0.05,leaky_relu,1.0,0.8770198822021484,3
18.0,3.0,128.0,0.05,relu,1.0,0.8818358182907104,3
18.0,3.0,256.0,0.0,leaky_relu,1.0,0.9077024857203165,3
18.0,3.0,128.0,0.0,leaky_relu,1.0,0.9087678988774618,3
18.0,3.0,256.0,0.1,leaky_relu,1.0,0.9135433038075765,3
18.0,3.0,128.0,0.1,relu,1.0,0.9139507214228312,3
18.0,3.0,128.0,0.1,leaky_relu,1.0,0.9170718391736349,3
18.0,3.0,256.0,0.0,relu,2.0,0.9192164341608683,3
18.0,3.0,64.0,0.05,leaky_relu,1.0,0.929189662138621,3
18.0,3.0,256.0,0.0,selu,2.0,0.9333963791529337,3
18.0,3.0,128.0,0.0,relu,2.0,0.9334027171134949,3
18.0,3.0,256.0,0.0,relu,1.0,0.935898999373118,3
18.0,3.0,128.0,0.0,leaky_relu,3.0,0.9379691878954569,3
18.0,3.0,256.0,0.0,leaky_relu,3.0,0.9387086033821106,3
18.0,3.0,256.0,0.05,leaky_relu,1.0,0.9389522274335226,3
18.0,3.0,256.0,0.3,relu,1.0,0.942621111869812,3
18.0,3.0,128.0,0.0,relu,3.0,0.9462465047836304,3
18.0,3.0,128.0,0.3,relu,1.0,0.9483370780944824,3
24.0,0.0,256.0,0.0,selu,3.0,0.6289183100064596,3
24.0,0.0,16.0,0.0,selu,3.0,0.6503621737162272,3
24.0,0.0,256.0,0.0,selu,2.0,0.6575602094332377,3
24.0,0.0,128.0,0.0,selu,3.0,0.6580368280410767,3
24.0,0.0,32.0,0.0,selu,3.0,0.6594767967859904,3
24.0,0.0,128.0,0.0,selu,2.0,0.6597450971603394,3
24.0,0.0,64.0,0.0,selu,2.0,0.6617654959360758,3
24.0,0.0,128.0,0.0,selu,1.0,0.6813149650891622,3
24.0,0.0,64.0,0.0,selu,3.0,0.6839579145113627,3
24.0,0.0,32.0,0.0,selu,1.0,0.6937888662020365,3
24.0,0.0,16.0,0.0,selu,1.0,0.6983954906463623,3
24.0,0.0,32.0,0.0,leaky_relu,1.0,0.7041351199150085,3
24.0,0.0,256.0,0.0,selu,1.0,0.7158952554066976,3
24.0,0.0,16.0,0.0,selu,2.0,0.7168058554331461,3
24.0,0.0,128.0,0.1,relu,2.0,0.7189503908157349,3
24.0,0.0,64.0,0.0,selu,1.0,0.719290018081665,3
24.0,0.0,32.0,0.0,selu,2.0,0.7286545435587565,3
24.0,0.0,256.0,0.0,relu,2.0,0.7340746323267618,3
24.0,0.0,256.0,0.05,relu,2.0,0.7351066072781881,3
24.0,0.0,128.0,0.05,relu,2.0,0.7383774518966675,3
24.0,1.0,256.0,0.0,selu,1.0,0.7263493736584982,3
24.0,1.0,128.0,0.0,selu,1.0,0.7291946808497111,3
24.0,1.0,32.0,0.0,selu,2.0,0.7333548069000244,3
24.0,1.0,32.0,0.3,leaky_relu,1.0,0.7485795617103577,3
24.0,1.0,16.0,0.0,selu,2.0,0.760953942934672,3
24.0,1.0,32.0,0.0,leaky_relu,1.0,0.7615110079447428,3
24.0,1.0,16.0,0.0,selu,3.0,0.7745275894800822,3
24.0,1.0,16.0,0.0,relu,1.0,0.7784913182258606,3
24.0,1.0,128.0,0.0,relu,2.0,0.7902159889539083,3
24.0,1.0,256.0,0.0,relu,1.0,0.7939903736114502,3
24.0,1.0,16.0,0.0,relu,2.0,0.794829527537028,3
24.0,1.0,128.0,0.0,relu,1.0,0.8007985154787699,3
24.0,1.0,64.0,0.0,relu,1.0,0.8058576583862305,3
24.0,1.0,32.0,0.0,relu,1.0,0.8060224652290344,3
24.0,1.0,32.0,0.0,leaky_relu,3.0,0.8112505873044332,3
24.0,1.0,32.0,0.0,selu,3.0,0.812932034333547,3
24.0,1.0,256.0,0.1,relu,1.0,0.8138072689374288,3
24.0,1.0,64.0,0.0,selu,2.0,0.8152948021888733,3
24.0,1.0,64.0,0.0,relu,2.0,0.8159841497739156,3
24.0,1.0,64.0,0.3,leaky_relu,1.0,0.8162975112597147,3
24.0,2.0,256.0,0.0,leaky_relu,2.0,0.757311205069224,3
24.0,2.0,128.0,0.0,selu,1.0,0.7639186183611552,3
24.0,2.0,256.0,0.0,selu,2.0,0.7742107311884562,3
24.0,2.0,32.0,0.0,selu,2.0,0.8040602207183838,3
24.0,2.0,128.0,0.0,selu,3.0,0.8059096535046896,3
24.0,2.0,32.0,0.0,selu,3.0,0.8105873862902323,3
24.0,2.0,128.0,0.0,leaky_relu,3.0,0.8117214838663737,3
24.0,2.0,256.0,0.0,selu,1.0,0.8134686748186747,3
24.0,2.0,128.0,0.0,selu,2.0,0.8136192162831625,3
24.0,2.0,256.0,0.0,selu,3.0,0.822726845741272,3
24.0,2.0,256.0,0.0,relu,2.0,0.8394976059595743,3
24.0,2.0,64.0,0.0,selu,2.0,0.8403827548027039,3
24.0,2.0,64.0,0.0,selu,3.0,0.8449850678443909,3
24.0,2.0,64.0,0.0,leaky_relu,3.0,0.852386991182963,3
24.0,2.0,256.0,0.0,leaky_relu,3.0,0.8901716470718384,3
24.0,2.0,16.0,0.3,leaky_relu,1.0,0.8981531461079916,3
24.0,2.0,64.0,0.0,relu,3.0,0.898834745089213,3
24.0,2.0,16.0,0.1,leaky_relu,1.0,0.9027809500694275,3
24.0,2.0,128.0,0.0,relu,3.0,0.9117761452992758,3
24.0,2.0,128.0,0.05,leaky_relu,3.0,1.0415254632631938,3
24.0,3.0,256.0,0.1,leaky_relu,1.0,0.961729884147644,3
24.0,3.0,256.0,0.1,relu,1.0,0.9710481564203897,3
24.0,3.0,256.0,0.05,relu,1.0,0.9716958006223043,3
24.0,3.0,64.0,0.0,leaky_relu,1.0,0.9788787563641866,3
24.0,3.0,128.0,0.0,relu,1.0,0.9820877512296041,3
24.0,3.0,128.0,0.0,leaky_relu,1.0,0.9858479499816895,3
24.0,3.0,128.0,0.0,relu,2.0,0.9880157311757406,3
24.0,3.0,256.0,0.0,relu,1.0,0.9898497660954794,3
24.0,3.0,128.0,0.1,relu,1.0,0.9919257760047913,3
24.0,3.0,64.0,0.1,relu,1.0,0.9983004728953043,3
24.0,3.0,128.0,0.05,relu,1.0,1.000099201997121,3
24.0,3.0,256.0,0.0,relu,2.0,1.0209134419759114,3
24.0,3.0,256.0,0.05,leaky_relu,1.0,1.0211503505706787,3
24.0,3.0,128.0,0.0,leaky_relu,3.0,1.021607240041097,3
24.0,3.0,128.0,0.05,leaky_relu,1.0,1.0240709781646729,3
24.0,3.0,64.0,0.0,leaky_relu,3.0,1.0259832739830017,3
24.0,3.0,256.0,0.3,leaky_relu,3.0,1.0301026900609334,3
24.0,3.0,64.0,0.05,relu,1.0,1.033836543560028,3
24.0,3.0,64.0,0.05,leaky_relu,1.0,1.0372912685076396,3
24.0,3.0,256.0,0.0,selu,2.0,1.0409324169158936,3
30.0,0.0,256.0,0.0,selu,3.0,0.6063530842463175,3
30.0,0.0,128.0,0.0,selu,2.0,0.6593670845031738,3
30.0,0.0,64.0,0.0,selu,2.0,0.6725443005561829,3
30.0,0.0,256.0,0.0,selu,2.0,0.6753429571787516,3
30.0,0.0,256.0,0.0,selu,1.0,0.6772650480270386,3
30.0,0.0,32.0,0.0,selu,2.0,0.6783006389935812,3
30.0,0.0,128.0,0.0,selu,3.0,0.6811265548070272,3
30.0,0.0,32.0,0.0,selu,3.0,0.7008391618728638,3
30.0,0.0,64.0,0.0,selu,3.0,0.7115171949068705,3
30.0,0.0,32.0,0.0,selu,1.0,0.7241534193356832,3
30.0,0.0,128.0,0.0,selu,1.0,0.7296701272328695,3
30.0,0.0,64.0,0.0,selu,1.0,0.739434560139974,3
30.0,0.0,16.0,0.0,selu,2.0,0.7581748763720194,3
30.0,0.0,128.0,0.05,relu,2.0,0.7592989206314087,3
30.0,0.0,256.0,0.1,relu,2.0,0.7674251000086466,3
30.0,0.0,64.0,0.0,relu,2.0,0.7696828444798788,3
30.0,0.0,256.0,0.0,relu,2.0,0.7759785453478495,3
30.0,0.0,256.0,0.05,relu,2.0,0.7913214166959127,3
30.0,0.0,128.0,0.0,relu,2.0,0.8112422625223795,3
30.0,0.0,16.0,0.0,selu,3.0,0.8169666330019633,3
30.0,1.0,256.0,0.0,selu,1.0,0.717541495958964,3
30.0,1.0,32.0,0.3,leaky_relu,1.0,0.7499081691106161,3
30.0,1.0,128.0,0.0,selu,1.0,0.77309783299764,3
30.0,1.0,128.0,0.0,relu,2.0,0.7770523230234782,3
30.0,1.0,64.0,0.3,relu,1.0,0.7793783148129781,3
30.0,1.0,16.0,0.0,selu,2.0,0.7821602821350098,3
30.0,1.0,32.0,0.0,leaky_relu,1.0,0.7904749910036722,3
30.0,1.0,256.0,0.0,relu,1.0,0.791800836722056,3
30.0,1.0,128.0,0.3,leaky_relu,1.0,0.8005545337994894,3
30.0,1.0,128.0,0.3,relu,1.0,0.8094747066497803,3
30.0,1.0,128.0,0.0,relu,1.0,0.8120071689287821,3
30.0,1.0,256.0,0.3,leaky_relu,1.0,0.8133137027422587,3
30.0,1.0,16.0,0.0,relu,2.0,0.8145694732666016,3
30.0,1.0,64.0,0.3,leaky_relu,1.0,0.8148084680239359,3
30.0,1.0,64.0,0.0,selu,2.0,0.8149314920107523,3
30.0,1.0,32.0,0.0,selu,3.0,0.8157832821210226,3
30.0,1.0,64.0,0.0,relu,1.0,0.8183608849843343,3
30.0,1.0,256.0,0.05,relu,1.0,0.8183852831522623,3
30.0,1.0,64.0,0.0,relu,2.0,0.821998675664266,3
30.0,1.0,128.0,0.0,leaky_relu,3.0,0.8221799532572428,3
30.0,2.0,256.0,0.0,selu,2.0,0.8062593738238016,3
30.0,2.0,16.0,0.0,selu,3.0,0.8578651348749796,3
30.0,2.0,128.0,0.0,selu,3.0,0.8645976583162943,3
30.0,2.0,256.0,0.0,selu,3.0,0.8692128658294678,3
30.0,2.0,32.0,0.0,selu,2.0,0.8718630274136862,3
30.0,2.0,256.0,0.0,selu,1.0,0.8751450777053833,3
30.0,2.0,128.0,0.0,selu,2.0,0.8798549175262451,3
30.0,2.0,64.0,0.0,selu,2.0,0.8830954233805338,3
30.0,2.0,64.0,0.0,selu,3.0,0.8892806967099508,3
30.0,2.0,256.0,0.0,leaky_relu,2.0,0.8935701648394266,3
30.0,2.0,32.0,0.0,selu,3.0,0.8949911594390869,3
30.0,2.0,16.0,0.1,leaky_relu,1.0,0.9061975677808126,3
30.0,2.0,64.0,0.0,leaky_relu,3.0,0.9265302220980326,3
30.0,2.0,256.0,0.0,relu,2.0,0.931804358959198,3
30.0,2.0,256.0,0.0,leaky_relu,3.0,0.9408950408299764,3
30.0,2.0,128.0,0.0,selu,1.0,0.9548622369766235,3
30.0,2.0,64.0,0.0,relu,3.0,0.9784992734591166,3
30.0,2.0,128.0,0.0,leaky_relu,3.0,0.9920467535654703,3
30.0,2.0,16.0,0.3,leaky_relu,1.0,1.0030055443445842,3
30.0,2.0,128.0,0.0,relu,3.0,1.022701064745585,3
30.0,3.0,256.0,0.0,relu,1.0,1.0152150392532349,3
30.0,3.0,16.0,0.05,relu,1.0,1.0266444484392803,3
30.0,3.0,256.0,0.05,relu,1.0,1.0345193942387898,3
30.0,3.0,256.0,0.0,leaky_relu,1.0,1.0417579809824626,3
30.0,3.0,128.0,0.0,leaky_relu,1.0,1.0501254002253215,3
30.0,3.0,16.0,0.3,leaky_relu,2.0,1.0530901352564495,3
30.0,3.0,256.0,0.05,leaky_relu,1.0,1.0657352606455486,3
30.0,3.0,128.0,0.0,relu,1.0,1.0659541289011638,3
30.0,3.0,64.0,0.0,leaky_relu,3.0,1.070095181465149,3
30.0,3.0,256.0,0.1,leaky_relu,1.0,1.080028812090556,3
30.0,3.0,128.0,0.0,relu,2.0,1.0806442896525066,3
30.0,3.0,128.0,0.05,relu,1.0,1.0829166173934937,3
30.0,3.0,64.0,0.05,relu,1.0,1.0887963771820068,3
30.0,3.0,128.0,0.1,relu,1.0,1.0896021525065105,3
30.0,3.0,256.0,0.1,relu,1.0,1.0909254948298137,3
30.0,3.0,64.0,0.0,relu,1.0,1.0910160541534424,3
30.0,3.0,256.0,0.0,leaky_relu,3.0,1.0977565844853718,3
30.0,3.0,256.0,0.3,leaky_relu,3.0,1.1010239521662395,3
30.0,3.0,256.0,0.3,relu,1.0,1.1017492612202961,3
30.0,3.0,64.0,0.0,selu,2.0,1.103629191716512,3
36.0,0.0,256.0,0.0,selu,3.0,0.6646337310473124,3
36.0,0.0,256.0,0.0,selu,1.0,0.6745829780896505,3
36.0,0.0,128.0,0.0,selu,2.0,0.6794223388036092,3
36.0,0.0,64.0,0.0,selu,2.0,0.691008726755778,3
36.0,0.0,64.0,0.0,selu,3.0,0.6923673351605734,3
36.0,0.0,128.0,0.0,selu,3.0,0.697433610757192,3
36.0,0.0,256.0,0.0,selu,2.0,0.7066187461217245,3
36.0,0.0,16.0,0.0,selu,1.0,0.7370207111040751,3
36.0,0.0,32.0,0.0,selu,2.0,0.7384992440541586,3
36.0,0.0,32.0,0.0,selu,3.0,0.7404633561770121,3
36.0,0.0,16.0,0.0,selu,3.0,0.7420281171798706,3
36.0,0.0,128.0,0.0,selu,1.0,0.7605321208635966,3
36.0,0.0,64.0,0.0,selu,1.0,0.7671321233113607,3
36.0,0.0,16.0,0.0,selu,2.0,0.7965261340141296,3
36.0,0.0,256.0,0.0,leaky_relu,3.0,0.7990482449531555,3
36.0,0.0,128.0,0.05,relu,2.0,0.8051671584447225,3
36.0,0.0,64.0,0.0,relu,3.0,0.8116145133972168,3
36.0,0.0,32.0,0.0,relu,3.0,0.8151238163312277,3
36.0,0.0,256.0,0.0,relu,2.0,0.8249257405598959,3
36.0,0.0,128.0,0.0,relu,2.0,0.8323158820470175,3
36.0,1.0,256.0,0.0,selu,1.0,0.7466285824775696,3
36.0,1.0,64.0,0.3,leaky_relu,1.0,0.759088138739268,3
36.0,1.0,32.0,0.3,leaky_relu,1.0,0.7734644214312235,3
36.0,1.0,128.0,0.0,selu,1.0,0.7777683337529501,3
36.0,1.0,16.0,0.0,relu,2.0,0.7905465761820475,3
36.0,1.0,16.0,0.0,selu,2.0,0.7905648946762085,3
36.0,1.0,256.0,0.05,relu,1.0,0.7951508164405823,3
36.0,1.0,16.0,0.0,selu,3.0,0.801138699054718,3
36.0,1.0,256.0,0.0,relu,1.0,0.8028386433919271,3
36.0,1.0,128.0,0.0,relu,1.0,0.8101044098536173,3
36.0,1.0,32.0,0.0,selu,2.0,0.8121238350868225,3
36.0,1.0,32.0,0.3,relu,1.0,0.8145069082578024,3
36.0,1.0,32.0,0.0,selu,3.0,0.8178007006645203,3
36.0,1.0,128.0,0.0,relu,2.0,0.8241539398829142,3
36.0,1.0,64.0,0.0,selu,2.0,0.8265760540962219,3
36.0,1.0,128.0,0.3,relu,1.0,0.8273383180300394,3
36.0,1.0,64.0,0.1,leaky_relu,1.0,0.8282875021298727,3
36.0,1.0,256.0,0.3,leaky_relu,1.0,0.8291999499003092,3
36.0,1.0,128.0,0.3,leaky_relu,1.0,0.8294755021731058,3
36.0,1.0,64.0,0.0,leaky_relu,2.0,0.8348872860272726,3
36.0,2.0,256.0,0.0,selu,2.0,0.853246013323466,3
36.0,2.0,128.0,0.0,selu,2.0,0.8700953920682272,3
36.0,2.0,32.0,0.0,selu,2.0,0.885568102200826,3
36.0,2.0,128.0,0.0,selu,3.0,0.8953620791435242,3
36.0,2.0,64.0,0.0,selu,2.0,0.8975051045417786,3
36.0,2.0,256.0,0.0,selu,3.0,0.8994721174240112,3
36.0,2.0,16.0,0.0,selu,3.0,0.9033851226170858,3
36.0,2.0,32.0,0.0,selu,3.0,0.9152884284655253,3
36.0,2.0,128.0,0.0,selu,1.0,0.9199678500493368,3
36.0,2.0,256.0,0.0,selu,1.0,0.9257680575052897,3
36.0,2.0,256.0,0.0,leaky_relu,2.0,0.9298150738080343,3
36.0,2.0,64.0,0.0,selu,3.0,0.9386815627415975,3
36.0,2.0,256.0,0.0,relu,2.0,0.9398431579271952,3
36.0,2.0,128.0,0.0,leaky_relu,3.0,0.9515527089436849,3
36.0,2.0,16.0,0.05,leaky_relu,1.0,0.9612744649251302,3
36.0,2.0,256.0,0.0,leaky_relu,3.0,1.0170048077901204,3
36.0,2.0,64.0,0.0,relu,3.0,1.055305282274882,3
36.0,2.0,128.0,0.0,relu,3.0,1.0690743724505107,3
36.0,2.0,256.0,0.05,selu,1.0,1.0953032970428467,3
36.0,2.0,16.0,0.3,leaky_relu,1.0,1.132572333017985,3
36.0,3.0,256.0,0.0,relu,1.0,1.0381547411282857,3
36.0,3.0,128.0,0.1,relu,1.0,1.0425071318944295,3
36.0,3.0,256.0,0.1,relu,1.0,1.0698642333348591,3
36.0,3.0,256.0,0.05,relu,1.0,1.0801226298014324,3
36.0,3.0,256.0,0.0,leaky_relu,1.0,1.0859103600184123,3
36.0,3.0,64.0,0.05,relu,1.0,1.089158058166504,3
36.0,3.0,128.0,0.05,relu,1.0,1.091517448425293,3
36.0,3.0,16.0,0.3,leaky_relu,2.0,1.0957355499267578,3
36.0,3.0,128.0,0.0,relu,1.0,1.0988679726918538,3
36.0,3.0,256.0,0.1,leaky_relu,1.0,1.1008692582448323,3
36.0,3.0,32.0,0.05,relu,1.0,1.104998230934143,3
36.0,3.0,256.0,0.3,relu,1.0,1.106588363647461,3
36.0,3.0,128.0,0.0,relu,2.0,1.107641617457072,3
36.0,3.0,128.0,0.0,leaky_relu,1.0,1.1142242352167766,3
36.0,3.0,64.0,0.0,relu,1.0,1.1198389530181885,3
36.0,3.0,256.0,0.3,leaky_relu,1.0,1.120127002398173,3
36.0,3.0,128.0,0.1,leaky_relu,1.0,1.1251494884490967,3
36.0,3.0,16.0,0.05,relu,1.0,1.127894639968872,3
36.0,3.0,256.0,0.05,leaky_relu,1.0,1.132081389427185,3
36.0,3.0,256.0,0.0,selu,1.0,1.1367481152216594,3
42.0,0.0,32.0,0.0,selu,3.0,0.6715765992800394,3
42.0,0.0,64.0,0.0,selu,2.0,0.6720240116119385,3
42.0,0.0,256.0,0.0,selu,3.0,0.6901138623555502,3
42.0,0.0,256.0,0.0,selu,1.0,0.6929226517677307,3
42.0,0.0,64.0,0.0,selu,3.0,0.7009552915891012,3
42.0,0.0,128.0,0.0,selu,2.0,0.70891273021698,3
42.0,0.0,128.0,0.0,selu,3.0,0.7183449069658915,3
42.0,0.0,32.0,0.0,selu,2.0,0.7242336869239807,3
42.0,0.0,256.0,0.0,selu,2.0,0.7280848821004232,3
42.0,0.0,16.0,0.0,selu,2.0,0.7362429102261862,3
42.0,0.0,16.0,0.0,selu,3.0,0.7588181296984354,3
42.0,0.0,64.0,0.0,selu,1.0,0.7668342789014181,3
42.0,0.0,32.0,0.0,selu,1.0,0.7679019570350647,3
42.0,0.0,128.0,0.0,selu,1.0,0.8001712163289388,3
42.0,0.0,256.0,0.0,leaky_relu,3.0,0.8271064758300781,3
42.0,0.0,256.0,0.0,relu,2.0,0.8342789610226949,3
42.0,0.0,64.0,0.0,relu,2.0,0.8373621106147766,3
42.0,0.0,128.0,0.0,relu,2.0,0.855511466662089,3
42.0,0.0,64.0,0.0,relu,3.0,0.8665009538332621,3
42.0,0.0,128.0,0.1,relu,2.0,0.868762751420339,3
42.0,1.0,256.0,0.0,selu,1.0,0.7215486963589987,3
42.0,1.0,32.0,0.0,selu,2.0,0.7693066596984863,3
42.0,1.0,32.0,0.3,leaky_relu,1.0,0.7785071134567261,3
42.0,1.0,128.0,0.0,selu,1.0,0.7801829179128011,3
42.0,1.0,16.0,0.0,selu,2.0,0.7923462390899658,3
42.0,1.0,16.0,0.0,selu,3.0,0.7952590187390646,3
42.0,1.0,64.0,0.0,selu,2.0,0.809629499912262,3
42.0,1.0,128.0,0.0,selu,2.0,0.814390500386556,3
42.0,1.0,256.0,0.1,relu,1.0,0.815118670463562,3
42.0,1.0,256.0,0.05,relu,1.0,0.8202298084894816,3
42.0,1.0,32.0,0.0,selu,3.0,0.8208502332369486,3
42.0,1.0,128.0,0.0,selu,3.0,0.8368014494578043,3
42.0,1.0,64.0,0.0,selu,3.0,0.8378143906593323,3
42.0,1.0,64.0,0.0,leaky_relu,2.0,0.8380749622980753,3
42.0,1.0,32.0,0.3,relu,1.0,0.8416842619578043,3
42.0,1.0,64.0,0.3,leaky_relu,1.0,0.8420964876810709,3
42.0,1.0,32.0,0.0,leaky_relu,2.0,0.8450032869974772,3
42.0,1.0,128.0,0.0,relu,1.0,0.851037879784902,3
42.0,1.0,16.0,0.0,leaky_relu,3.0,0.8514192700386047,3
42.0,1.0,128.0,0.1,relu,1.0,0.8526706298192342,3
42.0,2.0,32.0,0.0,selu,2.0,0.8716077208518982,3
42.0,2.0,256.0,0.0,selu,2.0,0.8718280792236328,3
42.0,2.0,64.0,0.0,selu,2.0,0.8782239953676859,3
42.0,2.0,128.0,0.0,leaky_relu,2.0,0.8907084067662557,3
42.0,2.0,128.0,0.0,selu,2.0,0.8908824721972147,3
42.0,2.0,32.0,0.0,selu,3.0,0.8969591657320658,3
42.0,2.0,64.0,0.0,selu,3.0,0.9020529786745707,3
42.0,2.0,256.0,0.0,selu,1.0,0.9076874653498331,3
42.0,2.0,128.0,0.0,selu,1.0,0.9111844301223755,3
42.0,2.0,128.0,0.0,selu,3.0,0.9131079514821371,3
42.0,2.0,16.0,0.0,selu,3.0,0.939932664235433,3
42.0,2.0,256.0,0.0,selu,3.0,0.9413833419481913,3
42.0,2.0,64.0,0.0,leaky_relu,3.0,0.9800693988800049,3
42.0,2.0,256.0,0.0,leaky_relu,2.0,0.9841360449790955,3
42.0,2.0,128.0,0.0,relu,2.0,0.9963746468226115,3
42.0,2.0,128.0,0.0,leaky_relu,3.0,1.0107586582501729,3
42.0,2.0,256.0,0.0,leaky_relu,3.0,1.0315601825714111,3
42.0,2.0,256.0,0.0,relu,2.0,1.048729677995046,3
42.0,2.0,16.0,0.1,leaky_relu,1.0,1.050642689069112,3
42.0,2.0,64.0,0.0,relu,3.0,1.0596076846122742,3
42.0,3.0,128.0,0.1,relu,1.0,1.02498855193456,3
42.0,3.0,256.0,0.05,relu,1.0,1.0466222167015076,3
42.0,3.0,256.0,0.0,leaky_relu,1.0,1.0602922836939495,3
42.0,3.0,128.0,0.0,leaky_relu,1.0,1.066458463668823,3
42.0,3.0,64.0,0.05,relu,1.0,1.074618935585022,3
42.0,3.0,256.0,0.3,leaky_relu,3.0,1.0759503841400146,3
42.0,3.0,16.0,0.3,leaky_relu,1.0,1.0782653093338013,3
42.0,3.0,256.0,0.1,leaky_relu,1.0,1.0856494903564453,3
42.0,3.0,256.0,0.3,relu,1.0,1.089974323908488,3
42.0,3.0,256.0,0.1,relu,1.0,1.0906481345494587,3
42.0,3.0,256.0,0.0,relu,1.0,1.0918280879656475,3
42.0,3.0,128.0,0.1,leaky_relu,1.0,1.0940224726994832,3
42.0,3.0,128.0,0.05,leaky_relu,1.0,1.0971870422363281,3
42.0,3.0,32.0,0.1,relu,1.0,1.0985390742619832,3
42.0,3.0,32.0,0.05,relu,1.0,1.1095570921897888,3
42.0,3.0,128.0,0.0,relu,1.0,1.110064188639323,3
42.0,3.0,32.0,0.05,leaky_relu,1.0,1.1162550846735637,3
42.0,3.0,128.0,0.05,relu,1.0,1.1234088738759358,3
42.0,3.0,64.0,0.05,leaky_relu,1.0,1.1293457349141438,3
42.0,3.0,256.0,0.3,leaky_relu,1.0,1.1371320486068726,3
48.0,0.0,128.0,0.0,selu,2.0,0.7212386727333069,3
48.0,0.0,64.0,0.0,selu,2.0,0.7258232633272806,3
48.0,0.0,256.0,0.0,selu,3.0,0.7265843749046326,3
48.0,0.0,256.0,0.0,selu,1.0,0.7355268597602844,3
48.0,0.0,256.0,0.0,selu,2.0,0.7412499388058981,3
48.0,0.0,64.0,0.0,selu,3.0,0.7555369138717651,3
48.0,0.0,128.0,0.0,selu,3.0,0.756195863087972,3
48.0,0.0,128.0,0.0,selu,1.0,0.7804335951805115,3
48.0,0.0,16.0,0.0,selu,2.0,0.7839363217353821,3
48.0,0.0,32.0,0.0,selu,3.0,0.7893621325492859,3
48.0,0.0,16.0,0.0,selu,3.0,0.8050852020581564,3
48.0,0.0,32.0,0.0,selu,2.0,0.8120975097020467,3
48.0,0.0,64.0,0.0,selu,1.0,0.8190278013547262,3
48.0,0.0,256.0,0.0,relu,2.0,0.8635424971580505,3
48.0,0.0,128.0,0.0,relu,2.0,0.8777127663294474,3
48.0,0.0,64.0,0.0,relu,2.0,0.9059168895085653,3
48.0,0.0,256.0,0.1,relu,2.0,0.9303321639696757,3
48.0,0.0,128.0,0.05,relu,2.0,0.9348332087198893,3
48.0,0.0,256.0,0.3,leaky_relu,3.0,0.9354820251464844,3
48.0,0.0,256.0,0.05,relu,2.0,0.937997579574585,3
48.0,1.0,16.0,0.0,leaky_relu,1.0,0.7442648609479269,3
48.0,1.0,256.0,0.0,selu,1.0,0.7445740898450216,3
48.0,1.0,32.0,0.0,selu,2.0,0.7648272514343262,3
48.0,1.0,64.0,0.0,selu,3.0,0.7972080906232198,3
48.0,1.0,16.0,0.0,selu,3.0,0.800035317738851,3
48.0,1.0,16.0,0.0,leaky_relu,2.0,0.8003332813580831,3
48.0,1.0,16.0,0.0,selu,1.0,0.8054471214612325,3
48.0,1.0,16.0,0.0,selu,2.0,0.8182551463445028,3
48.0,1.0,128.0,0.0,selu,1.0,0.8207168976465861,3
48.0,1.0,64.0,0.0,selu,2.0,0.8229876756668091,3
48.0,1.0,128.0,0.0,selu,3.0,0.8249102433522543,3
48.0,1.0,64.0,0.0,leaky_relu,3.0,0.8460911313692728,3
48.0,1.0,64.0,0.0,leaky_relu,2.0,0.8512459397315979,3
48.0,1.0,256.0,0.05,relu,1.0,0.8589221239089966,3
48.0,1.0,32.0,0.0,selu,3.0,0.8604169289271036,3
48.0,1.0,16.0,0.0,relu,1.0,0.8619558215141296,3
48.0,1.0,128.0,0.0,selu,2.0,0.869365930557251,3
48.0,1.0,128.0,0.0,leaky_relu,3.0,0.8731288512547811,3
48.0,1.0,256.0,0.3,relu,1.0,0.8733195662498474,3
48.0,1.0,16.0,0.0,leaky_relu,3.0,0.8797110517819723,3
48.0,2.0,64.0,0.0,selu,3.0,0.8754287759462992,3
48.0,2.0,256.0,0.0,selu,2.0,0.8784485856691996,3
48.0,2.0,64.0,0.0,selu,2.0,0.897199551264445,3
48.0,2.0,128.0,0.0,selu,3.0,0.9002719521522522,3
48.0,2.0,128.0,0.0,selu,2.0,0.9006854097048441,3
48.0,2.0,256.0,0.0,selu,3.0,0.901898463567098,3
48.0,2.0,32.0,0.0,selu,2.0,0.9030367732048035,3
48.0,2.0,32.0,0.0,selu,3.0,0.9059511025746664,3
48.0,2.0,128.0,0.0,leaky_relu,2.0,0.9290128747622172,3
48.0,2.0,128.0,0.0,selu,1.0,0.9337761004765829,3
48.0,2.0,128.0,0.0,relu,2.0,0.9382599790891012,3
48.0,2.0,256.0,0.0,selu,1.0,0.9402316212654114,3
48.0,2.0,16.0,0.0,selu,3.0,0.941547175248464,3
48.0,2.0,256.0,0.0,leaky_relu,2.0,0.9622599482536316,3
48.0,2.0,64.0,0.0,leaky_relu,3.0,0.9651784102121989,3
48.0,2.0,16.0,0.3,leaky_relu,1.0,1.0606240431467693,3
48.0,2.0,128.0,0.0,leaky_relu,3.0,1.0645631154378254,3
48.0,2.0,256.0,0.0,leaky_relu,3.0,1.068398614724477,3
48.0,2.0,256.0,0.0,relu,2.0,1.0961891015370686,3
48.0,2.0,64.0,0.0,relu,3.0,1.1043247779210408,3
48.0,3.0,32.0,0.05,relu,1.0,0.9958855708440145,3
48.0,3.0,16.0,0.3,leaky_relu,1.0,1.0577434698740642,3
48.0,3.0,256.0,0.1,relu,1.0,1.0687329173088074,3
48.0,3.0,128.0,0.05,relu,1.0,1.0741049846013386,3
48.0,3.0,32.0,0.3,leaky_relu,1.0,1.0764398177464802,3
48.0,3.0,64.0,0.1,relu,1.0,1.0793466567993164,3
48.0,3.0,256.0,0.3,leaky_relu,1.0,1.080013116200765,3
48.0,3.0,64.0,0.05,relu,1.0,1.089568018913269,3
48.0,3.0,256.0,0.0,relu,1.0,1.0999774535497029,3
48.0,3.0,128.0,0.1,relu,1.0,1.106897513071696,3
48.0,3.0,256.0,0.0,relu,2.0,1.1085070768992107,3
48.0,3.0,64.0,0.05,leaky_relu,1.0,1.1087523698806763,3
48.0,3.0,32.0,0.1,relu,1.0,1.1088810761769612,3
48.0,3.0,64.0,0.1,leaky_relu,1.0,1.1279147863388062,3
48.0,3.0,256.0,0.1,leaky_relu,1.0,1.1350411971410115,3
48.0,3.0,256.0,0.3,leaky_relu,3.0,1.140738805135091,3
48.0,3.0,256.0,0.0,selu,1.0,1.152695894241333,3
48.0,3.0,32.0,0.3,relu,1.0,1.1562153895696003,3
48.0,3.0,128.0,0.1,leaky_relu,1.0,1.1644881169001262,3
48.0,3.0,256.0,0.05,relu,1.0,1.167612632115682,3
54.0,0.0,256.0,0.0,selu,2.0,0.7279092669487,3
54.0,0.0,128.0,0.0,selu,2.0,0.7363139390945435,3
54.0,0.0,256.0,0.0,selu,1.0,0.7415912548700968,3
54.0,0.0,256.0,0.0,selu,3.0,0.7465412616729736,3
54.0,0.0,64.0,0.0,selu,3.0,0.7540577451388041,3
54.0,0.0,128.0,0.0,selu,3.0,0.7719981670379639,3
54.0,0.0,64.0,0.0,selu,2.0,0.7762389580408732,3
54.0,0.0,32.0,0.0,selu,3.0,0.8043143153190613,3
54.0,0.0,128.0,0.0,selu,1.0,0.8183069825172424,3
54.0,0.0,16.0,0.0,selu,3.0,0.8239039580027262,3
54.0,0.0,32.0,0.0,selu,2.0,0.8307007749875387,3
54.0,0.0,16.0,0.0,selu,2.0,0.8337369958559672,3
54.0,0.0,64.0,0.0,relu,2.0,0.8396344184875488,3
54.0,0.0,256.0,0.0,relu,2.0,0.8812076052029928,3
54.0,0.0,256.0,0.0,leaky_relu,3.0,0.8982370694478353,3
54.0,0.0,128.0,0.0,relu,2.0,0.8995207150777181,3
54.0,0.0,32.0,0.0,relu,2.0,0.9276421864827474,3
54.0,0.0,256.0,0.1,relu,2.0,0.9439841707547506,3
54.0,0.0,256.0,0.05,leaky_relu,3.0,0.959055006504059,3
54.0,0.0,256.0,0.05,relu,2.0,0.9716773629188538,3
54.0,1.0,256.0,0.0,selu,1.0,0.737037718296051,3
54.0,1.0,16.0,0.0,selu,3.0,0.7578504880269369,3
54.0,1.0,32.0,0.0,selu,2.0,0.7672565380732218,3
54.0,1.0,16.0,0.0,selu,2.0,0.8048997521400452,3
54.0,1.0,32.0,0.0,selu,3.0,0.8114611705144247,3
54.0,1.0,128.0,0.0,selu,1.0,0.8127999703089396,3
54.0,1.0,16.0,0.0,leaky_relu,3.0,0.8211895426114401,3
54.0,1.0,128.0,0.0,selu,2.0,0.8239246209462484,3
54.0,1.0,64.0,0.0,selu,2.0,0.8296434680620829,3
54.0,1.0,64.0,0.0,selu,3.0,0.8387347857157389,3
54.0,1.0,256.0,0.0,selu,3.0,0.845030665397644,3
54.0,1.0,16.0,0.0,relu,1.0,0.8509121139844259,3
54.0,1.0,128.0,0.0,selu,3.0,0.8574601213137308,3
54.0,1.0,32.0,0.0,leaky_relu,2.0,0.8617444038391113,3
54.0,1.0,256.0,0.1,relu,1.0,0.870240847269694,3
54.0,1.0,256.0,0.0,selu,2.0,0.8810312151908875,3
54.0,1.0,32.0,0.0,relu,3.0,0.8898700078328451,3
54.0,1.0,64.0,0.0,leaky_relu,2.0,0.9009179075558981,3
54.0,1.0,128.0,0.0,relu,2.0,0.9088780681292216,3
54.0,1.0,64.0,0.3,relu,1.0,0.909381111462911,3
54.0,2.0,32.0,0.0,selu,2.0,0.8830807209014893,3
54.0,2.0,16.0,0.0,selu,3.0,0.8884943326314291,3
54.0,2.0,256.0,0.0,selu,3.0,0.8951920469601949,3
54.0,2.0,128.0,0.0,selu,2.0,0.8980517983436584,3
54.0,2.0,64.0,0.0,selu,2.0,0.9003510475158691,3
54.0,2.0,256.0,0.0,selu,2.0,0.9018521110216776,3
54.0,2.0,64.0,0.0,selu,3.0,0.9094281395276388,3
54.0,2.0,256.0,0.0,selu,1.0,0.9270175496737162,3
54.0,2.0,128.0,0.0,selu,1.0,0.9345442851384481,3
54.0,2.0,128.0,0.0,selu,3.0,0.9350440502166748,3
54.0,2.0,32.0,0.0,selu,3.0,0.9523437221844991,3
54.0,2.0,256.0,0.0,leaky_relu,2.0,0.9845690329869589,3
54.0,2.0,128.0,0.0,leaky_relu,2.0,0.9919120868047079,3
54.0,2.0,128.0,0.0,leaky_relu,3.0,1.0799942811330159,3
54.0,2.0,64.0,0.0,leaky_relu,3.0,1.081245223681132,3
54.0,2.0,16.0,0.3,leaky_relu,1.0,1.1031619707743328,3
54.0,2.0,256.0,0.0,relu,2.0,1.1378846565882366,3
54.0,2.0,64.0,0.0,relu,3.0,1.154066483179728,3
54.0,2.0,256.0,0.0,leaky_relu,3.0,1.1718195676803589,3
54.0,2.0,128.0,0.0,relu,3.0,1.2408912579218547,3
54.0,3.0,16.0,0.3,leaky_relu,1.0,0.9849680662155151,3
54.0,3.0,32.0,0.3,leaky_relu,1.0,1.0216631293296814,3
54.0,3.0,256.0,0.3,leaky_relu,1.0,1.0217820405960083,3
54.0,3.0,32.0,0.1,relu,1.0,1.033394694328308,3
54.0,3.0,64.0,0.05,leaky_relu,1.0,1.0376731554667156,3
54.0,3.0,256.0,0.1,relu,1.0,1.0436604221661885,3
54.0,3.0,32.0,0.05,relu,1.0,1.0510580937067668,3
54.0,3.0,128.0,0.05,relu,1.0,1.0661850372950237,3
54.0,3.0,128.0,0.1,relu,1.0,1.0783296823501587,3
54.0,3.0,32.0,0.1,leaky_relu,1.0,1.0817409753799438,3
54.0,3.0,128.0,0.3,leaky_relu,1.0,1.095678408940633,3
54.0,3.0,128.0,0.0,leaky_relu,1.0,1.099976082642873,3
54.0,3.0,16.0,0.1,leaky_relu,1.0,1.1065555810928345,3
54.0,3.0,256.0,0.0,relu,1.0,1.116186539332072,3
54.0,3.0,64.0,0.1,relu,1.0,1.1255920728047688,3
54.0,3.0,256.0,0.1,leaky_relu,1.0,1.1307846307754517,3
54.0,3.0,128.0,0.1,leaky_relu,1.0,1.1323739290237427,3
54.0,3.0,16.0,0.05,relu,1.0,1.1419206857681274,3
54.0,3.0,128.0,0.0,selu,1.0,1.146722396214803,3
54.0,3.0,256.0,0.0,leaky_relu,1.0,1.1567803621292114,3
60.0,0.0,256.0,0.0,selu,2.0,0.7408651312192281,3
60.0,0.0,256.0,0.0,selu,1.0,0.7474049131075541,3
60.0,0.0,256.0,0.0,selu,3.0,0.7552192211151123,3
60.0,0.0,128.0,0.0,selu,2.0,0.7696596185366312,3
60.0,0.0,128.0,0.0,selu,3.0,0.7797367175420126,3
60.0,0.0,64.0,0.0,selu,3.0,0.7886595924695333,3
60.0,0.0,32.0,0.0,selu,3.0,0.7927640080451965,3
60.0,0.0,16.0,0.0,leaky_relu,1.0,0.8012755513191223,3
60.0,0.0,16.0,0.0,selu,3.0,0.8046427766482035,3
60.0,0.0,64.0,0.0,selu,2.0,0.8158579667409261,3
60.0,0.0,128.0,0.0,selu,1.0,0.8245733578999838,3
60.0,0.0,16.0,0.0,selu,2.0,0.8323212464650472,3
60.0,0.0,32.0,0.0,selu,2.0,0.836437980333964,3
60.0,0.0,16.0,0.0,selu,1.0,0.8519401748975118,3
60.0,0.0,64.0,0.0,selu,1.0,0.8721239765485128,3
60.0,0.0,128.0,0.0,relu,2.0,0.8937188188234965,3
60.0,0.0,256.0,0.0,relu,2.0,0.9148509701093038,3
60.0,0.0,256.0,0.05,relu,2.0,0.9453258713086446,3
60.0,0.0,256.0,0.1,leaky_relu,3.0,0.9550180037816366,3
60.0,0.0,256.0,0.05,leaky_relu,3.0,0.9696393013000488,3
60.0,1.0,256.0,0.0,selu,1.0,0.7635008891423544,3
60.0,1.0,32.0,0.0,selu,2.0,0.8195622165997823,3
60.0,1.0,64.0,0.0,selu,3.0,0.8310871124267578,3
60.0,1.0,16.0,0.0,selu,2.0,0.8335966269175211,3
60.0,1.0,64.0,0.0,selu,2.0,0.8392672936121622,3
60.0,1.0,32.0,0.0,selu,3.0,0.8484961787859598,3
60.0,1.0,128.0,0.0,selu,2.0,0.853624145189921,3
60.0,1.0,16.0,0.0,selu,3.0,0.8629774451255798,3
60.0,1.0,16.0,0.0,selu,1.0,0.8692073822021484,3
60.0,1.0,256.0,0.0,selu,3.0,0.872970461845398,3
60.0,1.0,128.0,0.0,selu,3.0,0.8733590642611185,3
60.0,1.0,32.0,0.0,relu,2.0,0.8735174934069315,3
60.0,1.0,256.0,0.1,leaky_relu,1.0,0.9107256730397543,3
60.0,1.0,256.0,0.0,leaky_relu,2.0,0.9149579604466757,3
60.0,1.0,64.0,0.0,leaky_relu,2.0,0.9173056681950887,3
60.0,1.0,128.0,0.0,leaky_relu,2.0,0.9314871033032736,3
60.0,1.0,256.0,0.0,selu,2.0,0.9331421057383219,3
60.0,1.0,64.0,0.0,relu,2.0,0.9382026195526123,3
60.0,1.0,128.0,0.0,relu,2.0,0.9444868763287863,3
60.0,1.0,32.0,0.0,leaky_relu,3.0,0.9559613664944967,3
60.0,2.0,256.0,0.0,selu,3.0,0.8993325233459473,3
60.0,2.0,32.0,0.0,selu,2.0,0.9065303802490234,3
60.0,2.0,256.0,0.0,selu,2.0,0.9116925001144409,3
60.0,2.0,64.0,0.0,selu,2.0,0.9182773232460022,3
60.0,2.0,64.0,0.0,selu,3.0,0.9184203346570333,3
60.0,2.0,256.0,0.0,selu,1.0,0.9226049184799194,3
60.0,2.0,128.0,0.0,selu,1.0,0.9266598423322042,3
60.0,2.0,128.0,0.0,selu,3.0,0.9323120514551798,3
60.0,2.0,128.0,0.0,selu,2.0,0.9390465617179871,3
60.0,2.0,32.0,0.0,selu,3.0,0.9599521160125732,3
60.0,2.0,128.0,0.0,leaky_relu,2.0,1.0143309831619263,3
60.0,2.0,16.0,0.0,selu,3.0,1.0191364884376526,3
60.0,2.0,256.0,0.0,leaky_relu,2.0,1.0483500560124714,3
60.0,2.0,128.0,0.0,leaky_relu,3.0,1.06297900279363,3
60.0,2.0,16.0,0.3,leaky_relu,1.0,1.0888281464576721,3
60.0,2.0,256.0,0.0,relu,2.0,1.1183237234751384,3
60.0,2.0,256.0,0.0,leaky_relu,3.0,1.135985533396403,3
60.0,2.0,128.0,0.0,relu,2.0,1.1450597842534382,3
60.0,2.0,128.0,0.3,leaky_relu,3.0,1.266248106956482,3
60.0,2.0,128.0,0.1,leaky_relu,3.0,1.2754201491673787,3
60.0,3.0,64.0,0.1,relu,1.0,0.9609829187393188,3
60.0,3.0,256.0,0.3,leaky_relu,1.0,0.9896697799364725,3
60.0,3.0,32.0,0.1,relu,1.0,0.9937506318092346,3
60.0,3.0,64.0,0.05,relu,1.0,1.0577404499053953,3
60.0,3.0,128.0,0.1,relu,1.0,1.0589838822682698,3
60.0,3.0,16.0,0.3,leaky_relu,1.0,1.0599737962086995,3
60.0,3.0,64.0,0.1,leaky_relu,1.0,1.0656137466430662,3
60.0,3.0,32.0,0.05,relu,1.0,1.074656367301941,3
60.0,3.0,16.0,0.05,relu,1.0,1.08267480134964,3
60.0,3.0,256.0,0.1,relu,1.0,1.0888333519299824,3
60.0,3.0,128.0,0.05,leaky_relu,1.0,1.0985010464986165,3
60.0,3.0,32.0,0.3,leaky_relu,1.0,1.0991496642430623,3
60.0,3.0,16.0,0.1,relu,1.0,1.100913643836975,3
60.0,3.0,256.0,0.05,relu,1.0,1.1034249464670818,3
60.0,3.0,16.0,0.3,relu,1.0,1.1084727048873901,3
60.0,3.0,64.0,0.05,leaky_relu,1.0,1.1095743576685588,3
60.0,3.0,128.0,0.05,relu,1.0,1.1268349885940552,3
60.0,3.0,256.0,0.3,leaky_relu,3.0,1.1339410940806072,3
60.0,3.0,32.0,0.05,leaky_relu,1.0,1.1356929937998455,3
60.0,3.0,16.0,0.0,selu,2.0,1.1472615798314412,3
66.0,0.0,128.0,0.0,selu,2.0,0.7717476685841879,3
66.0,0.0,256.0,0.0,selu,1.0,0.7841348648071289,3
66.0,0.0,256.0,0.0,selu,2.0,0.7882250547409058,3
66.0,0.0,128.0,0.0,selu,3.0,0.8056653936704,3
66.0,0.0,256.0,0.0,selu,3.0,0.8074708183606466,3
66.0,0.0,64.0,0.0,selu,2.0,0.833698054154714,3
66.0,0.0,32.0,0.0,selu,3.0,0.8345998128255209,3
66.0,0.0,64.0,0.0,selu,3.0,0.8463718096415201,3
66.0,0.0,16.0,0.0,selu,2.0,0.8480049769083658,3
66.0,0.0,128.0,0.0,selu,1.0,0.8578811883926392,3
66.0,0.0,32.0,0.0,selu,2.0,0.859403153260549,3
66.0,0.0,128.0,0.0,relu,2.0,0.8695191542307535,3
66.0,0.0,16.0,0.0,selu,3.0,0.880546768506368,3
66.0,0.0,64.0,0.0,selu,1.0,0.8843149940172831,3
66.0,0.0,256.0,0.0,relu,2.0,0.8952762285868326,3
66.0,0.0,256.0,0.1,relu,2.0,0.9777308702468872,3
66.0,0.0,256.0,0.05,selu,1.0,0.9810905853907267,3
66.0,0.0,256.0,0.05,leaky_relu,3.0,0.9841607610384623,3
66.0,0.0,256.0,0.3,leaky_relu,3.0,0.9843736489613851,3
66.0,0.0,128.0,0.3,relu,3.0,0.9865963657697042,3
66.0,1.0,256.0,0.0,selu,1.0,0.7820621728897095,3
66.0,1.0,16.0,0.0,selu,2.0,0.7976430654525757,3
66.0,1.0,32.0,0.0,selu,2.0,0.8129857778549194,3
66.0,1.0,64.0,0.0,selu,2.0,0.8280947804450989,3
66.0,1.0,64.0,0.0,selu,3.0,0.8436539769172668,3
66.0,1.0,256.0,0.0,selu,3.0,0.8460492491722107,3
66.0,1.0,128.0,0.0,selu,2.0,0.8639775713284811,3
66.0,1.0,256.0,0.0,selu,2.0,0.8655500411987305,3
66.0,1.0,128.0,0.0,selu,3.0,0.8680240909258524,3
66.0,1.0,16.0,0.0,selu,3.0,0.8704752723375956,3
66.0,1.0,128.0,0.0,selu,1.0,0.872289260228475,3
66.0,1.0,32.0,0.0,selu,3.0,0.898228665192922,3
66.0,1.0,128.0,0.0,relu,2.0,0.9156100948651632,3
66.0,1.0,64.0,0.0,relu,2.0,0.9164360165596008,3
66.0,1.0,256.0,0.0,leaky_relu,2.0,0.9215049346288046,3
66.0,1.0,16.0,0.0,leaky_relu,3.0,0.9245356917381287,3
66.0,1.0,64.0,0.0,leaky_relu,2.0,0.9291367729504904,3
66.0,1.0,128.0,0.0,leaky_relu,2.0,0.9382421771685282,3
66.0,1.0,16.0,0.3,relu,1.0,0.9734493494033813,3
66.0,1.0,128.0,0.3,relu,1.0,0.9779637455940247,3
66.0,2.0,16.0,0.0,selu,3.0,0.8612199425697327,3
66.0,2.0,256.0,0.0,selu,2.0,0.8980072339375814,3
66.0,2.0,32.0,0.0,selu,2.0,0.9034050305684408,3
66.0,2.0,64.0,0.0,selu,2.0,0.9039755264918009,3
66.0,2.0,64.0,0.0,selu,3.0,0.9066116611162821,3
66.0,2.0,128.0,0.0,selu,2.0,0.913630207379659,3
66.0,2.0,256.0,0.0,selu,3.0,0.917687733968099,3
66.0,2.0,256.0,0.0,selu,1.0,0.922212282816569,3
66.0,2.0,128.0,0.0,selu,3.0,0.9315836826960245,3
66.0,2.0,32.0,0.0,selu,3.0,0.9388626217842101,3
66.0,2.0,128.0,0.0,selu,1.0,0.9965083996454874,3
66.0,2.0,128.0,0.0,leaky_relu,2.0,1.0231602787971497,3
66.0,2.0,256.0,0.0,leaky_relu,2.0,1.0422145128250122,3
66.0,2.0,64.0,0.0,leaky_relu,3.0,1.0813864469528198,3
66.0,2.0,128.0,0.0,leaky_relu,3.0,1.0911635955174763,3
66.0,2.0,128.0,0.0,relu,2.0,1.1678450504938762,3
66.0,2.0,128.0,0.1,leaky_relu,3.0,1.1996635993321736,3
66.0,2.0,256.0,0.0,leaky_relu,3.0,1.2041620016098022,3
66.0,2.0,64.0,0.1,leaky_relu,3.0,1.2113539775212605,3
66.0,2.0,256.0,0.3,leaky_relu,3.0,1.2370952367782593,3
66.0,3.0,32.0,0.05,relu,1.0,0.9103102882703146,3
66.0,3.0,32.0,0.1,relu,1.0,0.9196118513743082,3
66.0,3.0,256.0,0.3,leaky_relu,1.0,0.9228880802790324,3
66.0,3.0,64.0,0.05,relu,1.0,0.9448055426279703,3
66.0,3.0,64.0,0.1,leaky_relu,1.0,0.9723391930262247,3
66.0,3.0,128.0,0.1,leaky_relu,1.0,0.9799643556276957,3
66.0,3.0,64.0,0.05,leaky_relu,1.0,1.0004786054293315,3
66.0,3.0,64.0,0.1,relu,1.0,1.0007112224896748,3
66.0,3.0,128.0,0.1,relu,1.0,1.003113587697347,3
66.0,3.0,128.0,0.05,relu,1.0,1.009857714176178,3
66.0,3.0,16.0,0.05,relu,1.0,1.0395345489184062,3
66.0,3.0,32.0,0.05,leaky_relu,1.0,1.0427555044492085,3
66.0,3.0,16.0,0.0,leaky_relu,1.0,1.0879333813985188,3
66.0,3.0,16.0,0.3,leaky_relu,1.0,1.0920964479446411,3
66.0,3.0,256.0,0.1,leaky_relu,1.0,1.0935835043589275,3
66.0,3.0,16.0,0.0,selu,2.0,1.0995224714279175,3
66.0,3.0,16.0,0.1,leaky_relu,1.0,1.1215420961380005,3
66.0,3.0,32.0,0.3,leaky_relu,1.0,1.1234132051467896,3
66.0,3.0,256.0,0.0,relu,1.0,1.1288998126983643,3
66.0,3.0,256.0,0.1,relu,1.0,1.132094939549764,3
72.0,0.0,256.0,0.0,selu,1.0,0.7449236909548441,3
72.0,0.0,256.0,0.0,selu,2.0,0.7922483483950297,3
72.0,0.0,256.0,0.0,selu,3.0,0.8037422895431519,3
72.0,0.0,128.0,0.0,selu,2.0,0.8052862286567688,3
72.0,0.0,64.0,0.0,selu,2.0,0.8129089872042338,3
72.0,0.0,32.0,0.0,selu,3.0,0.8187428514162699,3
72.0,0.0,128.0,0.0,selu,3.0,0.8360579013824463,3
72.0,0.0,64.0,0.0,selu,3.0,0.836142877737681,3
72.0,0.0,32.0,0.0,selu,2.0,0.8420310417811075,3
72.0,0.0,128.0,0.0,selu,1.0,0.8547304471333822,3
72.0,0.0,16.0,0.0,selu,3.0,0.8577772378921509,3
72.0,0.0,256.0,0.0,relu,2.0,0.9009631474812826,3
72.0,0.0,16.0,0.0,selu,2.0,0.9037126501401266,3
72.0,0.0,128.0,0.0,relu,2.0,0.9192085862159729,3
72.0,0.0,256.0,0.0,leaky_relu,3.0,0.9370048840840658,3
72.0,0.0,256.0,0.3,leaky_relu,3.0,0.9401280085245768,3
72.0,0.0,256.0,0.05,leaky_relu,3.0,0.9608195622762045,3
72.0,0.0,256.0,0.1,leaky_relu,3.0,0.9876498579978943,3
72.0,0.0,16.0,0.0,relu,3.0,0.9954423109690348,3
72.0,0.0,256.0,0.05,relu,2.0,1.0021016597747803,3
72.0,1.0,256.0,0.0,selu,1.0,0.7713855504989624,3
72.0,1.0,32.0,0.0,selu,2.0,0.8283430933952332,3
72.0,1.0,128.0,0.0,selu,3.0,0.8353951374689738,3
72.0,1.0,128.0,0.0,selu,1.0,0.836716095606486,3
72.0,1.0,32.0,0.0,selu,3.0,0.8399887681007385,3
72.0,1.0,64.0,0.0,selu,2.0,0.8489332795143127,3
72.0,1.0,64.0,0.0,selu,3.0,0.8637839158376058,3
72.0,1.0,256.0,0.0,selu,3.0,0.864106019337972,3
72.0,1.0,16.0,0.0,selu,2.0,0.8690471450487772,3
72.0,1.0,128.0,0.0,selu,2.0,0.8700769941012064,3
72.0,1.0,16.0,0.0,selu,3.0,0.8822662035624186,3
72.0,1.0,256.0,0.0,selu,2.0,0.8973261515299479,3
72.0,1.0,256.0,0.3,relu,1.0,0.9268864790598551,3
72.0,1.0,32.0,0.0,leaky_relu,3.0,0.9420334696769714,3
72.0,1.0,128.0,0.0,leaky_relu,2.0,0.9427730242411295,3
72.0,1.0,256.0,0.0,leaky_relu,2.0,0.9533352653185525,3
72.0,1.0,64.0,0.0,leaky_relu,2.0,0.9578379591306051,3
72.0,1.0,128.0,0.0,relu,2.0,0.9600508411725363,3
72.0,1.0,64.0,0.0,relu,2.0,0.9628116091092428,3
72.0,1.0,256.0,0.0,relu,2.0,0.9670080343882242,3
72.0,2.0,256.0,0.0,selu,3.0,0.8856442372004191,3
72.0,2.0,32.0,0.0,selu,2.0,0.886745830376943,3
72.0,2.0,64.0,0.0,selu,2.0,0.8989147345225016,3
72.0,2.0,32.0,0.0,selu,3.0,0.9019355773925781,3
72.0,2.0,256.0,0.0,selu,2.0,0.9077348709106445,3
72.0,2.0,128.0,0.0,selu,3.0,0.909877598285675,3
72.0,2.0,64.0,0.0,selu,3.0,0.9131465752919515,3
72.0,2.0,256.0,0.0,selu,1.0,0.9242401917775472,3
72.0,2.0,128.0,0.0,selu,2.0,0.9247922499974569,3
72.0,2.0,16.0,0.3,leaky_relu,1.0,1.094869573911031,3
72.0,2.0,256.0,0.0,leaky_relu,2.0,1.1224005619684856,3
72.0,2.0,64.0,0.0,leaky_relu,3.0,1.1271381378173828,3
72.0,2.0,128.0,0.0,leaky_relu,3.0,1.1940134366353352,3
72.0,2.0,256.0,0.0,leaky_relu,3.0,1.207639495531718,3
72.0,2.0,128.0,0.0,relu,2.0,1.2085634867350261,3
72.0,2.0,128.0,0.1,leaky_relu,3.0,1.2088319063186646,3
72.0,2.0,256.0,0.1,leaky_relu,3.0,1.2146262327829995,3
72.0,2.0,256.0,0.0,relu,2.0,1.2493713696797688,3
72.0,2.0,256.0,0.3,leaky_relu,3.0,1.2680323521296184,3
72.0,2.0,128.0,0.3,leaky_relu,3.0,1.296138326327006,3
72.0,3.0,128.0,0.1,leaky_relu,1.0,0.9087112347284952,3
72.0,3.0,256.0,0.3,leaky_relu,1.0,0.9091661969820658,3
72.0,3.0,16.0,0.3,relu,1.0,0.942771315574646,3
72.0,3.0,16.0,0.1,relu,1.0,0.9540451566378275,3
72.0,3.0,64.0,0.1,relu,1.0,0.9551519751548767,3
72.0,3.0,32.0,0.1,relu,1.0,0.9762668410936991,3
72.0,3.0,256.0,0.1,leaky_relu,1.0,0.9917190074920654,3
72.0,3.0,32.0,0.1,leaky_relu,1.0,1.0038248896598816,3
72.0,3.0,128.0,0.05,leaky_relu,1.0,1.011538028717041,3
72.0,3.0,256.0,0.05,relu,1.0,1.0323572556177776,3
72.0,3.0,16.0,0.3,leaky_relu,1.0,1.0635547836621602,3
72.0,3.0,64.0,0.1,leaky_relu,1.0,1.066130002339681,3
72.0,3.0,32.0,0.05,relu,1.0,1.0810587207476299,3
72.0,3.0,256.0,0.0,selu,3.0,1.0912216504414876,3
72.0,3.0,16.0,0.0,leaky_relu,1.0,1.1055716673533122,3
72.0,3.0,64.0,0.05,leaky_relu,1.0,1.1075845162073772,3
72.0,3.0,16.0,0.0,selu,2.0,1.1095399459203084,3
72.0,3.0,128.0,0.3,leaky_relu,1.0,1.1161994536717732,3
72.0,3.0,32.0,0.0,leaky_relu,1.0,1.1193725268046062,3
72.0,3.0,256.0,0.0,selu,2.0,1.1227246125539143,3
78.0,0.0,256.0,0.0,selu,1.0,0.7648667295773824,3
78.0,0.0,256.0,0.0,selu,3.0,0.7909042239189148,3
78.0,0.0,256.0,0.0,selu,2.0,0.7949206034342448,3
78.0,0.0,16.0,0.0,selu,3.0,0.825895369052887,3
78.0,0.0,128.0,0.0,selu,3.0,0.8275429209073385,3
78.0,0.0,32.0,0.0,selu,3.0,0.8373320500055949,3
78.0,0.0,32.0,0.0,selu,2.0,0.8379388848940531,3
78.0,0.0,128.0,0.0,selu,2.0,0.8385674953460693,3
78.0,0.0,16.0,0.0,selu,2.0,0.8441218336423238,3
78.0,0.0,128.0,0.0,selu,1.0,0.8617716431617737,3
78.0,0.0,64.0,0.0,selu,3.0,0.8623780210812887,3
78.0,0.0,64.0,0.0,selu,2.0,0.8793517351150513,3
78.0,0.0,64.0,0.0,selu,1.0,0.8904374440511068,3
78.0,0.0,128.0,0.0,relu,2.0,0.9172008037567139,3
78.0,0.0,256.0,0.0,relu,2.0,0.9208804170290629,3
78.0,0.0,256.0,0.0,leaky_relu,3.0,1.0141063531239827,3
78.0,0.0,256.0,0.05,relu,2.0,1.018619974454244,3
78.0,0.0,256.0,0.05,leaky_relu,3.0,1.0229384700457254,3
78.0,0.0,128.0,0.0,relu,3.0,1.0433629155158997,3
78.0,0.0,256.0,0.1,relu,2.0,1.0764174064000447,3
78.0,1.0,256.0,0.0,selu,1.0,0.7760902047157288,3
78.0,1.0,128.0,0.0,selu,1.0,0.7899869283040365,3
78.0,1.0,128.0,0.0,selu,2.0,0.8017079631487528,3
78.0,1.0,16.0,0.0,selu,2.0,0.8045663237571716,3
78.0,1.0,32.0,0.0,selu,2.0,0.8083211779594421,3
78.0,1.0,16.0,0.0,selu,3.0,0.8542782068252563,3
78.0,1.0,64.0,0.0,selu,2.0,0.8651302059491476,3
78.0,1.0,64.0,0.0,selu,3.0,0.8687769373257955,3
78.0,1.0,128.0,0.0,selu,3.0,0.8823219736417135,3
78.0,1.0,32.0,0.0,selu,3.0,0.8828641970952352,3
78.0,1.0,256.0,0.0,selu,2.0,0.893128236134847,3
78.0,1.0,128.0,0.0,leaky_relu,2.0,0.8962147235870361,3
78.0,1.0,256.0,0.0,selu,3.0,0.9193111260732015,3
78.0,1.0,64.0,0.0,relu,2.0,0.9293574293454488,3
78.0,1.0,64.0,0.0,leaky_relu,2.0,0.9402116139729818,3
78.0,1.0,256.0,0.0,leaky_relu,2.0,0.9555578430493673,3
78.0,1.0,64.0,0.1,relu,1.0,0.9733349879582723,3
78.0,1.0,16.0,0.0,relu,3.0,0.9742633700370789,3
78.0,1.0,128.0,0.0,leaky_relu,3.0,1.004454771677653,3
78.0,1.0,128.0,0.3,relu,1.0,1.006357192993164,3
78.0,2.0,256.0,0.0,selu,3.0,0.8521490295728048,3
78.0,2.0,128.0,0.0,selu,3.0,0.9083486795425415,3
78.0,2.0,64.0,0.0,selu,2.0,0.9145095944404602,3
78.0,2.0,16.0,0.0,selu,3.0,0.9219732085863749,3
78.0,2.0,32.0,0.0,selu,2.0,0.9234010378519694,3
78.0,2.0,128.0,0.0,selu,2.0,0.9327046672503153,3
78.0,2.0,64.0,0.0,selu,3.0,0.9333115021387736,3
78.0,2.0,256.0,0.0,selu,2.0,0.9342096646626791,3
78.0,2.0,32.0,0.0,selu,3.0,0.9526883959770203,3
78.0,2.0,256.0,0.0,selu,1.0,0.9560506145159403,3
78.0,2.0,128.0,0.0,selu,1.0,0.9883483250935873,3
78.0,2.0,128.0,0.0,leaky_relu,2.0,1.110155463218689,3
78.0,2.0,256.0,0.0,leaky_relu,2.0,1.139618635177612,3
78.0,2.0,128.0,0.0,leaky_relu,3.0,1.1833639939626057,3
78.0,2.0,64.0,0.0,leaky_relu,3.0,1.2099354267120361,3
78.0,2.0,128.0,0.1,leaky_relu,3.0,1.2372692823410034,3
78.0,2.0,128.0,0.0,relu,2.0,1.2383778095245361,3
78.0,2.0,128.0,0.3,leaky_relu,3.0,1.2707502444585164,3
78.0,2.0,256.0,0.3,leaky_relu,3.0,1.2740892171859741,3
78.0,2.0,256.0,0.05,leaky_relu,3.0,1.3201069434483845,3
78.0,3.0,128.0,0.3,leaky_relu,1.0,0.9264444510142008,3
78.0,3.0,32.0,0.05,relu,1.0,0.9410431385040283,3
78.0,3.0,128.0,0.05,leaky_relu,1.0,0.9495665629704794,3
78.0,3.0,64.0,0.1,leaky_relu,1.0,0.9526089628537496,3
78.0,3.0,16.0,0.1,relu,1.0,0.9555291732152303,3
78.0,3.0,64.0,0.05,leaky_relu,1.0,0.9624977111816406,3
78.0,3.0,32.0,0.1,relu,1.0,0.9640336831410726,3
78.0,3.0,32.0,0.05,leaky_relu,1.0,0.9761554400126139,3
78.0,3.0,64.0,0.05,relu,1.0,0.9764448404312134,3
78.0,3.0,128.0,0.1,leaky_relu,1.0,0.976912796497345,3
78.0,3.0,32.0,0.3,leaky_relu,1.0,1.000337282816569,3
78.0,3.0,256.0,0.1,leaky_relu,1.0,1.0091978907585144,3
78.0,3.0,256.0,0.1,relu,1.0,1.0256967345873516,3
78.0,3.0,32.0,0.1,leaky_relu,1.0,1.0268576741218567,3
78.0,3.0,16.0,0.3,leaky_relu,1.0,1.0819451808929443,3
78.0,3.0,128.0,0.05,relu,1.0,1.0890286167462666,3
78.0,3.0,256.0,0.3,leaky_relu,1.0,1.0983110467592876,3
78.0,3.0,16.0,0.05,relu,1.0,1.1008815169334412,3
78.0,3.0,16.0,0.05,leaky_relu,1.0,1.1069619258244832,3
78.0,3.0,256.0,0.0,selu,3.0,1.1098406314849854,3
84.0,0.0,64.0,0.0,selu,2.0,0.7581984996795654,3
84.0,0.0,256.0,0.0,selu,3.0,0.7779406110445658,3
84.0,0.0,256.0,0.0,selu,1.0,0.78839643796285,3
84.0,0.0,256.0,0.0,selu,2.0,0.7944979866345724,3
84.0,0.0,64.0,0.0,selu,3.0,0.8153501152992249,3
84.0,0.0,128.0,0.0,selu,3.0,0.8312576413154602,3
84.0,0.0,16.0,0.0,selu,3.0,0.8313330213228861,3
84.0,0.0,32.0,0.0,selu,3.0,0.8398415843645731,3
84.0,0.0,128.0,0.0,selu,2.0,0.8531823754310608,3
84.0,0.0,32.0,0.0,selu,2.0,0.8563645084698995,3
84.0,0.0,256.0,0.0,relu,2.0,0.8695046504338583,3
84.0,0.0,16.0,0.0,selu,2.0,0.8799482583999634,3
84.0,0.0,128.0,0.0,selu,1.0,0.8962870041529337,3
84.0,0.0,256.0,0.1,leaky_relu,3.0,0.9513047536214193,3
84.0,0.0,256.0,0.0,leaky_relu,3.0,1.0044037103652954,3
84.0,0.0,256.0,0.05,relu,2.0,1.0257561405499775,3
84.0,0.0,32.0,0.0,relu,3.0,1.042376716931661,3
84.0,0.0,256.0,0.1,relu,2.0,1.0557694633801777,3
84.0,0.0,64.0,0.0,relu,2.0,1.0620352824529011,3
84.0,0.0,256.0,0.05,selu,1.0,1.106492559115092,3
84.0,1.0,256.0,0.0,selu,1.0,0.7675813436508179,3
84.0,1.0,32.0,0.0,selu,3.0,0.8184631069501241,3
84.0,1.0,128.0,0.0,selu,2.0,0.819324254989624,3
84.0,1.0,32.0,0.0,selu,2.0,0.8231099247932434,3
84.0,1.0,64.0,0.0,selu,3.0,0.8295786380767822,3
84.0,1.0,128.0,0.0,selu,3.0,0.8330949743588766,3
84.0,1.0,16.0,0.0,selu,2.0,0.8465759952863058,3
84.0,1.0,256.0,0.0,selu,3.0,0.8547970851262411,3
84.0,1.0,16.0,0.0,selu,3.0,0.8602426052093506,3
84.0,1.0,64.0,0.0,selu,2.0,0.8658762375513712,3
84.0,1.0,256.0,0.0,selu,2.0,0.8663734793663025,3
84.0,1.0,256.0,0.05,leaky_relu,1.0,0.9111131230990092,3
84.0,1.0,256.0,0.0,leaky_relu,2.0,0.9158401091893514,3
84.0,1.0,64.0,0.0,leaky_relu,2.0,0.9220536549886068,3
84.0,1.0,32.0,0.3,leaky_relu,1.0,0.9328408241271973,3
84.0,1.0,128.0,0.0,selu,1.0,0.9363807241121928,3
84.0,1.0,256.0,0.1,leaky_relu,1.0,0.9505515495936075,3
84.0,1.0,128.0,0.0,leaky_relu,2.0,0.9698691566785177,3
84.0,1.0,128.0,0.05,relu,2.0,0.9915124972661337,3
84.0,1.0,256.0,0.3,relu,1.0,0.992209235827128,3
84.0,2.0,256.0,0.0,selu,3.0,0.890995184580485,3
84.0,2.0,256.0,0.0,selu,2.0,0.9139284491539001,3
84.0,2.0,128.0,0.0,selu,3.0,0.9175695379575094,3
84.0,2.0,32.0,0.0,selu,2.0,0.919170876344045,3
84.0,2.0,64.0,0.0,selu,2.0,0.9383876323699951,3
84.0,2.0,128.0,0.0,selu,2.0,0.947941799958547,3
84.0,2.0,32.0,0.0,selu,3.0,0.9532300035158793,3
84.0,2.0,64.0,0.0,selu,3.0,0.9582095543543497,3
84.0,2.0,256.0,0.0,selu,1.0,0.9887029528617859,3
84.0,2.0,16.0,0.0,selu,3.0,0.9980960687001547,3
84.0,2.0,16.0,0.3,leaky_relu,1.0,1.1110342343648274,3
84.0,2.0,128.0,0.0,leaky_relu,2.0,1.1216491063435872,3
84.0,2.0,256.0,0.0,leaky_relu,2.0,1.213641881942749,3
84.0,2.0,128.0,0.0,leaky_relu,3.0,1.2225638628005981,3
84.0,2.0,128.0,0.05,leaky_relu,3.0,1.29900324344635,3
84.0,2.0,128.0,0.3,leaky_relu,3.0,1.3061670462290447,3
84.0,2.0,256.0,0.0,leaky_relu,3.0,1.3160349527994792,3
84.0,2.0,128.0,0.0,relu,2.0,1.320219874382019,3
84.0,2.0,256.0,0.0,relu,2.0,1.3304627736409504,3
84.0,2.0,128.0,0.1,leaky_relu,3.0,1.3465793927510579,3
84.0,3.0,256.0,0.3,leaky_relu,1.0,0.8158235351244608,3
84.0,3.0,128.0,0.1,leaky_relu,1.0,0.9321756561597189,3
84.0,3.0,128.0,0.3,leaky_relu,1.0,0.9373219211896261,3
84.0,3.0,64.0,0.05,leaky_relu,1.0,0.9477631052335104,3
84.0,3.0,32.0,0.1,relu,1.0,0.9477947950363159,3
84.0,3.0,64.0,0.1,leaky_relu,1.0,0.9486347436904907,3
84.0,3.0,256.0,0.1,leaky_relu,1.0,0.9606275757153829,3
84.0,3.0,128.0,0.05,leaky_relu,1.0,0.984110951423645,3
84.0,3.0,32.0,0.1,leaky_relu,1.0,0.9861714641253153,3
84.0,3.0,32.0,0.05,relu,1.0,0.9870065053304037,3
84.0,3.0,16.0,0.05,relu,1.0,0.9937969247500101,3
84.0,3.0,32.0,0.3,leaky_relu,1.0,1.0050094326337178,3
84.0,3.0,16.0,0.3,leaky_relu,1.0,1.0305280288060505,3
84.0,3.0,32.0,0.05,leaky_relu,1.0,1.03343931833903,3
84.0,3.0,16.0,0.1,leaky_relu,1.0,1.03663303454717,3
84.0,3.0,256.0,0.05,relu,1.0,1.0387590924898784,3
84.0,3.0,256.0,0.0,relu,1.0,1.0473912358283997,3
84.0,3.0,256.0,0.0,leaky_relu,1.0,1.0851633946100872,3
84.0,3.0,256.0,0.3,leaky_relu,3.0,1.0876917839050293,3
84.0,3.0,256.0,0.05,leaky_relu,1.0,1.0963615973790486,3
90.0,0.0,256.0,0.0,selu,1.0,0.7770858009656271,3
90.0,0.0,256.0,0.0,selu,3.0,0.7913147807121277,3
90.0,0.0,256.0,0.0,selu,2.0,0.8003503878911337,3
90.0,0.0,16.0,0.0,selu,3.0,0.8286802172660828,3
90.0,0.0,64.0,0.0,selu,2.0,0.8319933811823527,3
90.0,0.0,32.0,0.0,selu,2.0,0.832827647527059,3
90.0,0.0,128.0,0.0,selu,3.0,0.8350569605827332,3
90.0,0.0,32.0,0.0,selu,3.0,0.8355646332105001,3
90.0,0.0,64.0,0.0,selu,3.0,0.8480637470881144,3
90.0,0.0,128.0,0.0,selu,2.0,0.8761783838272095,3
90.0,0.0,128.0,0.0,selu,1.0,0.9044933319091797,3
90.0,0.0,16.0,0.0,selu,2.0,0.9384661118189493,3
90.0,0.0,256.0,0.1,leaky_relu,3.0,0.9586305419603983,3
90.0,0.0,256.0,0.0,relu,2.0,1.000610093275706,3
90.0,0.0,256.0,0.3,leaky_relu,3.0,1.0241719881693523,3
90.0,0.0,128.0,0.0,relu,2.0,1.0317827463150022,3
90.0,0.0,256.0,0.0,leaky_relu,3.0,1.0363554159800212,3
90.0,0.0,64.0,0.0,relu,3.0,1.0409453709920247,3
90.0,0.0,256.0,0.05,selu,1.0,1.1601602633794148,3
90.0,0.0,128.0,0.1,relu,3.0,1.1707943280537922,3
90.0,1.0,256.0,0.0,selu,1.0,0.7852503259976705,3
90.0,1.0,16.0,0.0,selu,3.0,0.7960524360338846,3
90.0,1.0,16.0,0.0,selu,2.0,0.8241471449534098,3
90.0,1.0,32.0,0.0,selu,3.0,0.824540356794993,3
90.0,1.0,64.0,0.0,selu,2.0,0.8258213996887207,3
90.0,1.0,32.0,0.0,selu,2.0,0.8277428348859152,3
90.0,1.0,128.0,0.0,selu,2.0,0.8337217768033346,3
90.0,1.0,64.0,0.0,selu,3.0,0.8461313247680664,3
90.0,1.0,128.0,0.0,selu,1.0,0.8761680722236633,3
90.0,1.0,256.0,0.0,selu,3.0,0.8768862883249918,3
90.0,1.0,128.0,0.0,selu,3.0,0.882566511631012,3
90.0,1.0,256.0,0.0,selu,2.0,0.8949108322461446,3
90.0,1.0,128.0,0.0,relu,2.0,0.9071518381436666,3
90.0,1.0,32.0,0.0,leaky_relu,1.0,0.9212588667869568,3
90.0,1.0,64.0,0.0,leaky_relu,2.0,0.9456908901532491,3
90.0,1.0,256.0,0.05,leaky_relu,1.0,0.9476638237635294,3
90.0,1.0,32.0,0.3,leaky_relu,1.0,0.958287755648295,3
90.0,1.0,128.0,0.0,leaky_relu,2.0,0.9608285029729208,3
90.0,1.0,16.0,0.0,relu,1.0,0.9745319485664368,3
90.0,1.0,16.0,0.0,relu,3.0,1.00283545255661,3
90.0,2.0,256.0,0.0,selu,3.0,0.8608888188997904,3
90.0,2.0,32.0,0.0,selu,3.0,0.8713014324506124,3
90.0,2.0,64.0,0.0,selu,2.0,0.8807998895645142,3
90.0,2.0,256.0,0.0,selu,2.0,0.8840482036272684,3
90.0,2.0,32.0,0.0,selu,2.0,0.9028234084447225,3
90.0,2.0,128.0,0.0,selu,3.0,0.9168532093365988,3
90.0,2.0,128.0,0.0,selu,2.0,0.9266471465428671,3
90.0,2.0,64.0,0.0,selu,3.0,0.9355243643124899,3
90.0,2.0,256.0,0.0,selu,1.0,0.9620539347330729,3
90.0,2.0,256.0,0.0,leaky_relu,2.0,1.210470159848531,3
90.0,2.0,128.0,0.0,leaky_relu,3.0,1.2285387516021729,3
90.0,2.0,128.0,0.0,leaky_relu,2.0,1.2468055486679077,3
90.0,2.0,64.0,0.0,leaky_relu,3.0,1.3146526018778484,3
90.0,2.0,256.0,0.0,leaky_relu,3.0,1.3223421971003215,3
90.0,2.0,128.0,0.05,leaky_relu,3.0,1.3227409919102986,3
90.0,2.0,256.0,0.3,leaky_relu,3.0,1.3313987255096436,3
90.0,2.0,128.0,0.3,leaky_relu,3.0,1.3613125085830688,3
90.0,2.0,64.0,0.3,leaky_relu,3.0,1.3861674865086873,3
90.0,2.0,128.0,0.0,relu,2.0,1.4161747694015503,3
90.0,2.0,256.0,0.05,leaky_relu,2.0,1.4269591569900513,3
90.0,3.0,256.0,0.3,leaky_relu,1.0,0.8239360054334005,3
90.0,3.0,16.0,0.1,relu,1.0,0.8501183787981669,3
90.0,3.0,32.0,0.1,relu,1.0,0.935673455397288,3
90.0,3.0,128.0,0.1,leaky_relu,1.0,0.9371896584828695,3
90.0,3.0,64.0,0.1,leaky_relu,1.0,0.9823985497156779,3
90.0,3.0,64.0,0.3,leaky_relu,1.0,0.9905542333920797,3
90.0,3.0,32.0,0.1,leaky_relu,1.0,0.997522234916687,3
90.0,3.0,32.0,0.05,leaky_relu,1.0,1.0044720967610676,3
90.0,3.0,128.0,0.05,leaky_relu,1.0,1.0207319657007854,3
90.0,3.0,32.0,0.05,relu,1.0,1.0261828700701396,3
90.0,3.0,16.0,0.05,leaky_relu,1.0,1.0315211415290833,3
90.0,3.0,32.0,0.3,leaky_relu,1.0,1.0329608917236328,3
90.0,3.0,64.0,0.05,relu,1.0,1.0346843600273132,3
90.0,3.0,16.0,0.3,leaky_relu,1.0,1.042775829633077,3
90.0,3.0,256.0,0.1,leaky_relu,1.0,1.0561551054318745,3
90.0,3.0,256.0,0.0,leaky_relu,1.0,1.056573470433553,3
90.0,3.0,256.0,0.0,selu,2.0,1.0620472431182861,3
90.0,3.0,256.0,0.0,selu,3.0,1.0788037379582722,3
90.0,3.0,64.0,0.05,leaky_relu,1.0,1.0788547197977703,3
90.0,3.0,256.0,0.05,leaky_relu,1.0,1.0861797730127971,3
96.0,0.0,256.0,0.0,selu,2.0,0.7664207418759664,3
96.0,0.0,256.0,0.0,selu,1.0,0.7869712114334106,3
96.0,0.0,256.0,0.0,selu,3.0,0.7923856774965922,3
96.0,0.0,16.0,0.0,selu,3.0,0.8095143437385559,3
96.0,0.0,64.0,0.0,selu,3.0,0.8168975512186686,3
96.0,0.0,64.0,0.0,selu,2.0,0.8221792976061503,3
96.0,0.0,128.0,0.0,selu,2.0,0.8240690032641093,3
96.0,0.0,32.0,0.0,selu,2.0,0.8399397333463033,3
96.0,0.0,128.0,0.0,selu,3.0,0.8512812654177347,3
96.0,0.0,32.0,0.0,selu,3.0,0.8729364275932312,3
96.0,0.0,16.0,0.0,selu,2.0,0.89372185866038,3
96.0,0.0,128.0,0.0,selu,1.0,0.8981391787528992,3
96.0,0.0,256.0,0.0,leaky_relu,2.0,1.0005512634913125,3
96.0,0.0,256.0,0.0,relu,2.0,1.0171707669893901,3
96.0,0.0,256.0,0.1,leaky_relu,3.0,1.0477225184440613,3
96.0,0.0,128.0,0.0,relu,2.0,1.0477547844250996,3
96.0,0.0,256.0,0.05,selu,1.0,1.080807129542033,3
96.0,0.0,256.0,0.3,leaky_relu,3.0,1.106885512669881,3
96.0,0.0,256.0,0.05,leaky_relu,3.0,1.2072914838790894,3
96.0,0.0,64.0,0.0,relu,3.0,1.20842448870341,3
96.0,1.0,256.0,0.0,selu,1.0,0.7915263374646505,3
96.0,1.0,64.0,0.0,selu,3.0,0.8258288304011027,3
96.0,1.0,128.0,0.0,selu,3.0,0.8324790398279825,3
96.0,1.0,16.0,0.0,selu,2.0,0.8331267833709717,3
96.0,1.0,64.0,0.0,selu,2.0,0.8391856948534647,3
96.0,1.0,32.0,0.0,selu,2.0,0.843968133131663,3
96.0,1.0,128.0,0.0,selu,2.0,0.8634992241859436,3
96.0,1.0,256.0,0.0,selu,3.0,0.8689831296602885,3
96.0,1.0,128.0,0.0,selu,1.0,0.8701236844062805,3
96.0,1.0,16.0,0.0,leaky_relu,1.0,0.8832889000574747,3
96.0,1.0,16.0,0.0,selu,3.0,0.8885856668154398,3
96.0,1.0,32.0,0.0,selu,3.0,0.9087842702865601,3
96.0,1.0,256.0,0.0,selu,2.0,0.914370576540629,3
96.0,1.0,256.0,0.0,leaky_relu,2.0,0.9607176383336383,3
96.0,1.0,64.0,0.3,leaky_relu,1.0,0.9761722683906555,3
96.0,1.0,16.0,0.0,leaky_relu,3.0,0.9836913545926412,3
96.0,1.0,64.0,0.0,relu,2.0,0.9939587513605753,3
96.0,1.0,256.0,0.05,relu,1.0,0.9966401060422262,3
96.0,1.0,32.0,0.3,leaky_relu,1.0,0.9991712967554728,3
96.0,1.0,128.0,0.0,leaky_relu,2.0,1.0052313009897869,3
96.0,2.0,256.0,0.0,selu,3.0,0.8609768350919088,3
96.0,2.0,256.0,0.0,selu,2.0,0.873688538869222,3
96.0,2.0,32.0,0.0,selu,2.0,0.8756953477859497,3
96.0,2.0,64.0,0.0,selu,3.0,0.8932435115178426,3
96.0,2.0,128.0,0.0,selu,3.0,0.9060079256693522,3
96.0,2.0,128.0,0.0,selu,2.0,0.9173600474993387,3
96.0,2.0,64.0,0.0,selu,2.0,0.9213969707489014,3
96.0,2.0,32.0,0.0,selu,3.0,0.940866490205129,3
96.0,2.0,256.0,0.0,selu,1.0,0.9429742296536764,3
96.0,2.0,128.0,0.0,leaky_relu,2.0,1.0996015071868896,3
96.0,2.0,256.0,0.0,leaky_relu,2.0,1.1442311207453408,3
96.0,2.0,128.0,0.0,leaky_relu,3.0,1.2931488355000813,3
96.0,2.0,128.0,0.1,leaky_relu,3.0,1.3328040440877278,3
96.0,2.0,256.0,0.3,leaky_relu,3.0,1.3355231285095215,3
96.0,2.0,128.0,0.0,relu,2.0,1.3459637959798176,3
96.0,2.0,256.0,0.0,relu,2.0,1.3665286699930828,3
96.0,2.0,128.0,0.3,leaky_relu,3.0,1.3783599138259888,3
96.0,2.0,128.0,0.05,leaky_relu,3.0,1.3784013191858928,3
96.0,2.0,64.0,0.3,leaky_relu,3.0,1.3810920317967732,3
96.0,2.0,256.0,0.0,leaky_relu,3.0,1.385280688603719,3
96.0,3.0,32.0,0.05,relu,1.0,0.8910617033640543,3
96.0,3.0,128.0,0.1,leaky_relu,1.0,0.921214759349823,3
96.0,3.0,16.0,0.1,leaky_relu,1.0,0.9565601746241251,3
96.0,3.0,128.0,0.3,leaky_relu,1.0,0.9623292287190756,3
96.0,3.0,256.0,0.1,leaky_relu,1.0,0.964420219262441,3
96.0,3.0,256.0,0.3,leaky_relu,1.0,0.9779279629389445,3
96.0,3.0,16.0,0.05,leaky_relu,1.0,0.990198532740275,3
96.0,3.0,64.0,0.3,leaky_relu,1.0,1.000144104162852,3
96.0,3.0,64.0,0.05,leaky_relu,1.0,1.008393148581187,3
96.0,3.0,32.0,0.05,leaky_relu,1.0,1.014677385489146,3
96.0,3.0,128.0,0.05,leaky_relu,1.0,1.0198320746421814,3
96.0,3.0,16.0,0.3,leaky_relu,1.0,1.0277514457702637,3
96.0,3.0,64.0,0.1,leaky_relu,1.0,1.034923513730367,3
96.0,3.0,32.0,0.1,leaky_relu,1.0,1.0443664391835532,3
96.0,3.0,256.0,0.05,leaky_relu,1.0,1.0568543473879497,3
96.0,3.0,256.0,0.0,selu,2.0,1.057477076848348,3
96.0,3.0,256.0,0.0,selu,3.0,1.0739810864130657,3
96.0,3.0,32.0,0.3,leaky_relu,1.0,1.075931469599406,3
96.0,3.0,32.0,0.0,selu,3.0,1.078843394915263,3
96.0,3.0,64.0,0.05,relu,1.0,1.1081607341766357,3
102.0,0.0,256.0,0.0,selu,1.0,0.8007106979688009,3
102.0,0.0,128.0,0.0,selu,2.0,0.8009003202120463,3
102.0,0.0,32.0,0.0,selu,2.0,0.8084519902865092,3
102.0,0.0,256.0,0.0,selu,2.0,0.8128289779027303,3
102.0,0.0,256.0,0.0,selu,3.0,0.8211754163106283,3
102.0,0.0,128.0,0.0,selu,3.0,0.8334202965100607,3
102.0,0.0,64.0,0.0,selu,3.0,0.8477161526679993,3
102.0,0.0,64.0,0.0,selu,2.0,0.8590488036473592,3
102.0,0.0,16.0,0.0,selu,2.0,0.8705085317293803,3
102.0,0.0,128.0,0.0,selu,1.0,0.8818151553471884,3
102.0,0.0,32.0,0.0,selu,3.0,0.8915780782699585,3
102.0,0.0,256.0,0.1,leaky_relu,3.0,1.0371776421864827,3
102.0,0.0,256.0,0.0,leaky_relu,3.0,1.0515445868174236,3
102.0,0.0,256.0,0.0,relu,2.0,1.0758493343989055,3
102.0,0.0,64.0,0.0,relu,2.0,1.1017831563949585,3
102.0,0.0,256.0,0.0,leaky_relu,2.0,1.1036803722381592,3
102.0,0.0,256.0,0.05,selu,1.0,1.1392394304275513,3
102.0,0.0,128.0,0.0,relu,2.0,1.1413952509562175,3
102.0,0.0,256.0,0.05,leaky_relu,3.0,1.1446702877680461,3
102.0,0.0,256.0,0.3,leaky_relu,3.0,1.2213484048843384,3
102.0,1.0,256.0,0.0,selu,1.0,0.8388794660568237,3
102.0,1.0,128.0,0.0,selu,1.0,0.8478809595108032,3
102.0,1.0,64.0,0.0,selu,2.0,0.8647906382878622,3
102.0,1.0,256.0,0.0,selu,2.0,0.8696157336235046,3
102.0,1.0,16.0,0.0,selu,3.0,0.8701013724009196,3
102.0,1.0,128.0,0.0,selu,2.0,0.8714045484860738,3
102.0,1.0,64.0,0.0,selu,3.0,0.8762527902921041,3
102.0,1.0,128.0,0.0,selu,3.0,0.8765156269073486,3
102.0,1.0,32.0,0.0,selu,2.0,0.8788663943608602,3
102.0,1.0,32.0,0.0,selu,3.0,0.8819066484769186,3
102.0,1.0,16.0,0.0,selu,2.0,0.9091015656789144,3
102.0,1.0,256.0,0.0,selu,3.0,0.9144792755444845,3
102.0,1.0,32.0,0.3,leaky_relu,1.0,0.9302939971288046,3
102.0,1.0,16.0,0.0,selu,1.0,0.950398325920105,3
102.0,1.0,64.0,0.0,relu,2.0,0.9743537306785583,3
102.0,1.0,128.0,0.0,leaky_relu,2.0,0.995435357093811,3
102.0,1.0,256.0,0.0,leaky_relu,2.0,1.0128277738889058,3
102.0,1.0,64.0,0.0,leaky_relu,3.0,1.0144570867220561,3
102.0,1.0,16.0,0.0,leaky_relu,1.0,1.0280254483222961,3
102.0,1.0,256.0,0.0,leaky_relu,1.0,1.0285657445589702,3
102.0,2.0,256.0,0.0,selu,3.0,0.8489395578702291,3
102.0,2.0,128.0,0.0,selu,2.0,0.8859116633733114,3
102.0,2.0,256.0,0.0,selu,2.0,0.8943748871485392,3
102.0,2.0,64.0,0.0,selu,2.0,0.8964044253031412,3
102.0,2.0,256.0,0.0,selu,1.0,0.9224286675453186,3
102.0,2.0,128.0,0.0,selu,3.0,0.9244105617205302,3
102.0,2.0,64.0,0.0,selu,3.0,0.9490168293317159,3
102.0,2.0,32.0,0.0,selu,3.0,0.9556108315785726,3
102.0,2.0,128.0,0.0,leaky_relu,2.0,1.132121483484904,3
102.0,2.0,256.0,0.0,leaky_relu,2.0,1.2004614273707073,3
102.0,2.0,128.0,0.0,leaky_relu,3.0,1.2762484947840373,3
102.0,2.0,128.0,0.1,leaky_relu,3.0,1.2932926813761394,3
102.0,2.0,128.0,0.3,leaky_relu,3.0,1.3164214293162029,3
102.0,2.0,128.0,0.05,leaky_relu,3.0,1.3526069323221843,3
102.0,2.0,256.0,0.0,relu,2.0,1.4268415768941243,3
102.0,2.0,256.0,0.05,leaky_relu,3.0,1.48049263159434,3
102.0,2.0,256.0,0.1,leaky_relu,3.0,1.5148982604344685,3
102.0,2.0,128.0,0.0,relu,2.0,1.5174195766448975,3
102.0,2.0,256.0,0.0,leaky_relu,3.0,1.533779501914978,3
102.0,2.0,256.0,0.05,leaky_relu,2.0,1.5655517578125,3
102.0,3.0,256.0,0.3,leaky_relu,1.0,0.9584913849830627,3
102.0,3.0,256.0,0.1,leaky_relu,1.0,0.9645710190137228,3
102.0,3.0,16.0,0.1,relu,1.0,0.9784272909164429,3
102.0,3.0,128.0,0.1,leaky_relu,1.0,0.9842426776885986,3
102.0,3.0,128.0,0.3,leaky_relu,1.0,0.9844224055608114,3
102.0,3.0,32.0,0.3,leaky_relu,1.0,0.9935519297917684,3
102.0,3.0,32.0,0.05,relu,1.0,1.020161231358846,3
102.0,3.0,256.0,0.1,relu,1.0,1.0370414853096008,3
102.0,3.0,32.0,0.1,relu,1.0,1.0497812628746033,3
102.0,3.0,256.0,0.0,selu,3.0,1.0504361192385356,3
102.0,3.0,128.0,0.05,leaky_relu,1.0,1.0519242684046428,3
102.0,3.0,64.0,0.3,leaky_relu,1.0,1.0546828508377075,3
102.0,3.0,32.0,0.1,leaky_relu,1.0,1.0562451084454854,3
102.0,3.0,64.0,0.0,leaky_relu,1.0,1.0572009682655334,3
102.0,3.0,16.0,0.0,selu,3.0,1.0654660662015278,3
102.0,3.0,64.0,0.1,leaky_relu,1.0,1.0790232419967651,3
102.0,3.0,16.0,0.0,selu,2.0,1.085565487543742,3
102.0,3.0,16.0,0.0,leaky_relu,2.0,1.094248374303182,3
102.0,3.0,32.0,0.05,leaky_relu,1.0,1.0974055131276448,3
102.0,3.0,128.0,0.0,selu,3.0,1.1078189214070637,3
108.0,0.0,16.0,0.0,selu,3.0,0.7694212992986044,3
108.0,0.0,256.0,0.0,selu,1.0,0.803640882174174,3
108.0,0.0,256.0,0.0,selu,3.0,0.825074295202891,3
108.0,0.0,256.0,0.0,selu,2.0,0.8291534980138143,3
108.0,0.0,128.0,0.0,selu,2.0,0.8467407623926798,3
108.0,0.0,32.0,0.0,selu,3.0,0.8471110463142395,3
108.0,0.0,32.0,0.0,selu,2.0,0.8504014015197754,3
108.0,0.0,64.0,0.0,selu,2.0,0.8560393253962199,3
108.0,0.0,128.0,0.0,selu,3.0,0.8563425540924072,3
108.0,0.0,16.0,0.0,selu,2.0,0.87283327182134,3
108.0,0.0,64.0,0.0,selu,3.0,0.907352348168691,3
108.0,0.0,128.0,0.0,selu,1.0,0.9384075800577799,3
108.0,0.0,256.0,0.05,leaky_relu,3.0,1.1230952739715576,3
108.0,0.0,128.0,0.0,relu,2.0,1.133757511774699,3
108.0,0.0,256.0,0.0,leaky_relu,3.0,1.135475476582845,3
108.0,0.0,32.0,0.0,relu,3.0,1.2294425964355469,3
108.0,0.0,256.0,0.3,leaky_relu,3.0,1.238164226214091,3
108.0,0.0,256.0,0.05,selu,1.0,1.2782203753789265,3
108.0,0.0,256.0,0.0,relu,2.0,1.3114653031031291,3
108.0,0.0,128.0,0.0,relu,3.0,1.3563450972239177,3
108.0,1.0,64.0,0.0,selu,2.0,0.8119822144508362,3
108.0,1.0,256.0,0.0,selu,1.0,0.8139506578445435,3
108.0,1.0,128.0,0.0,selu,1.0,0.8156469265619913,3
108.0,1.0,32.0,0.0,selu,2.0,0.8280359903971354,3
108.0,1.0,128.0,0.0,selu,2.0,0.8316769599914551,3
108.0,1.0,16.0,0.0,selu,3.0,0.869968851407369,3
108.0,1.0,256.0,0.0,selu,2.0,0.8730303049087524,3
108.0,1.0,256.0,0.0,selu,3.0,0.8778539896011353,3
108.0,1.0,64.0,0.0,selu,1.0,0.8834208250045776,3
108.0,1.0,64.0,0.0,selu,3.0,0.886594553788503,3
108.0,1.0,32.0,0.0,selu,3.0,0.8893540898958842,3
108.0,1.0,128.0,0.0,selu,3.0,0.8908411661783854,3
108.0,1.0,16.0,0.0,selu,2.0,0.9220003088315328,3
108.0,1.0,64.0,0.0,leaky_relu,2.0,0.9388156731923422,3
108.0,1.0,32.0,0.3,leaky_relu,1.0,0.9646794597307841,3
108.0,1.0,64.0,0.3,leaky_relu,1.0,0.975435733795166,3
108.0,1.0,256.0,0.0,leaky_relu,2.0,1.0034103790918987,3
108.0,1.0,128.0,0.0,leaky_relu,3.0,1.0163260499636333,3
108.0,1.0,64.0,0.0,leaky_relu,3.0,1.0178287426630657,3
108.0,1.0,128.0,0.0,relu,2.0,1.023131509621938,3
108.0,2.0,256.0,0.0,selu,3.0,0.8539351026217142,3
108.0,2.0,128.0,0.0,selu,2.0,0.8830416599909464,3
108.0,2.0,128.0,0.0,selu,3.0,0.8949822187423706,3
108.0,2.0,64.0,0.0,selu,2.0,0.901047945022583,3
108.0,2.0,256.0,0.0,selu,2.0,0.9098919630050659,3
108.0,2.0,32.0,0.0,selu,2.0,0.9185502330462137,3
108.0,2.0,64.0,0.0,selu,3.0,0.921465794245402,3
108.0,2.0,256.0,0.0,selu,1.0,0.9251890778541565,3
108.0,2.0,32.0,0.0,selu,3.0,0.9896896084149679,3
108.0,2.0,128.0,0.0,leaky_relu,2.0,1.205059011777242,3
108.0,2.0,256.0,0.0,leaky_relu,2.0,1.2154605388641357,3
108.0,2.0,128.0,0.0,leaky_relu,3.0,1.2422600587209065,3
108.0,2.0,128.0,0.3,leaky_relu,3.0,1.321384112040202,3
108.0,2.0,256.0,0.05,leaky_relu,3.0,1.3564367691675823,3
108.0,2.0,256.0,0.0,leaky_relu,3.0,1.3565686146418254,3
108.0,2.0,256.0,0.1,leaky_relu,3.0,1.4327140649159749,3
108.0,2.0,128.0,0.05,leaky_relu,3.0,1.433587948481242,3
108.0,2.0,128.0,0.1,leaky_relu,3.0,1.4381868839263916,3
108.0,2.0,256.0,0.0,relu,2.0,1.450536568959554,3
108.0,2.0,256.0,0.05,leaky_relu,2.0,1.5098339319229126,3
108.0,3.0,128.0,0.1,leaky_relu,1.0,0.9286563595136007,3
108.0,3.0,64.0,0.3,leaky_relu,1.0,0.9795796275138855,3
108.0,3.0,16.0,0.05,relu,1.0,1.0234955151875813,3
108.0,3.0,128.0,0.0,selu,2.0,1.0285778045654297,3
108.0,3.0,128.0,0.05,leaky_relu,1.0,1.0307915210723877,3
108.0,3.0,256.0,0.05,leaky_relu,1.0,1.031052549680074,3
108.0,3.0,16.0,0.1,leaky_relu,1.0,1.032617211341858,3
108.0,3.0,64.0,0.1,leaky_relu,1.0,1.0339062412579854,3
108.0,3.0,32.0,0.0,selu,3.0,1.0376140475273132,3
108.0,3.0,256.0,0.1,leaky_relu,1.0,1.0387520988782246,3
108.0,3.0,128.0,0.0,selu,3.0,1.067212740580241,3
108.0,3.0,256.0,0.0,selu,3.0,1.0702274839083354,3
108.0,3.0,256.0,0.3,leaky_relu,3.0,1.072931945323944,3
108.0,3.0,128.0,0.0,selu,1.0,1.081451376279195,3
108.0,3.0,16.0,0.0,selu,2.0,1.0854262510935466,3
108.0,3.0,16.0,0.0,selu,3.0,1.091302752494812,3
108.0,3.0,32.0,0.05,leaky_relu,1.0,1.0981645981470745,3
108.0,3.0,32.0,0.1,leaky_relu,1.0,1.1013590296109517,3
108.0,3.0,32.0,0.0,selu,2.0,1.106997013092041,3
108.0,3.0,32.0,0.05,relu,1.0,1.1220250924428303,3
114.0,0.0,128.0,0.0,selu,2.0,0.7916529575983683,3
114.0,0.0,256.0,0.0,selu,2.0,0.8175757527351379,3
114.0,0.0,256.0,0.0,selu,3.0,0.8227925499280294,3
114.0,0.0,128.0,0.0,selu,3.0,0.8397999207178751,3
114.0,0.0,32.0,0.0,selu,2.0,0.8440627853075663,3
114.0,0.0,16.0,0.0,selu,2.0,0.8457331856091818,3
114.0,0.0,64.0,0.0,selu,3.0,0.8471801280975342,3
114.0,0.0,256.0,0.0,selu,1.0,0.8488436738650004,3
114.0,0.0,64.0,0.0,selu,2.0,0.8609615564346313,3
114.0,0.0,16.0,0.0,selu,3.0,0.86516934633255,3
114.0,0.0,32.0,0.0,selu,3.0,0.8832255601882935,3
114.0,0.0,128.0,0.0,selu,1.0,0.9365077614784241,3
114.0,0.0,256.0,0.0,leaky_relu,2.0,1.064995527267456,3
114.0,0.0,256.0,0.05,selu,1.0,1.1118791103363037,3
114.0,0.0,256.0,0.1,leaky_relu,3.0,1.1410351991653442,3
114.0,0.0,256.0,0.0,leaky_relu,3.0,1.144385536511739,3
114.0,0.0,256.0,0.0,relu,2.0,1.1564862728118896,3
114.0,0.0,256.0,0.05,leaky_relu,3.0,1.1823726097742717,3
114.0,0.0,256.0,0.3,leaky_relu,3.0,1.2343504627545674,3
114.0,0.0,256.0,0.1,relu,3.0,1.2995132207870483,3
114.0,1.0,128.0,0.0,selu,1.0,0.8080224394798279,3
114.0,1.0,128.0,0.0,selu,3.0,0.8228834470113119,3
114.0,1.0,128.0,0.0,selu,2.0,0.8313001394271851,3
114.0,1.0,256.0,0.0,selu,1.0,0.832812507947286,3
114.0,1.0,64.0,0.0,selu,2.0,0.8475300073623657,3
114.0,1.0,256.0,0.0,selu,2.0,0.8579586148262024,3
114.0,1.0,16.0,0.0,selu,2.0,0.8625991145769755,3
114.0,1.0,16.0,0.0,selu,3.0,0.8675349752108256,3
114.0,1.0,32.0,0.0,selu,3.0,0.8677914539972941,3
114.0,1.0,64.0,0.0,selu,3.0,0.8803054690361023,3
114.0,1.0,32.0,0.0,selu,2.0,0.8821703791618347,3
114.0,1.0,256.0,0.0,selu,3.0,0.9076708356539408,3
114.0,1.0,64.0,0.0,selu,1.0,0.919601043065389,3
114.0,1.0,128.0,0.0,leaky_relu,2.0,0.9458171923955282,3
114.0,1.0,256.0,0.0,leaky_relu,2.0,0.9707506895065308,3
114.0,1.0,16.0,0.0,selu,1.0,0.9942903916041056,3
114.0,1.0,256.0,0.0,relu,2.0,1.0100168387095134,3
114.0,1.0,256.0,0.05,leaky_relu,1.0,1.022443095842997,3
114.0,1.0,64.0,0.0,leaky_relu,2.0,1.0339173277219136,3
114.0,1.0,64.0,0.0,relu,2.0,1.0441467761993408,3
114.0,2.0,256.0,0.0,selu,3.0,0.8545017838478088,3
114.0,2.0,128.0,0.0,selu,2.0,0.888197104136149,3
114.0,2.0,256.0,0.0,selu,2.0,0.8882581988970438,3
114.0,2.0,256.0,0.0,selu,1.0,0.9060966968536377,3
114.0,2.0,128.0,0.0,selu,3.0,0.9079588850339254,3
114.0,2.0,64.0,0.0,selu,2.0,0.930242915948232,3
114.0,2.0,32.0,0.0,selu,2.0,0.9389969110488892,3
114.0,2.0,64.0,0.0,selu,3.0,0.9424013296763102,3
114.0,2.0,32.0,0.0,selu,3.0,0.9648745854695638,3
114.0,2.0,128.0,0.0,leaky_relu,2.0,1.1978696982065837,3
114.0,2.0,256.0,0.0,leaky_relu,2.0,1.2400823831558228,3
114.0,2.0,128.0,0.1,leaky_relu,3.0,1.3161691427230835,3
114.0,2.0,128.0,0.3,leaky_relu,3.0,1.326399286588033,3
114.0,2.0,128.0,0.0,leaky_relu,3.0,1.3303306500116985,3
114.0,2.0,128.0,0.05,leaky_relu,3.0,1.3422936995824177,3
114.0,2.0,256.0,0.0,leaky_relu,3.0,1.3591512044270833,3
114.0,2.0,256.0,0.1,leaky_relu,3.0,1.4013598759969075,3
114.0,2.0,64.0,0.0,relu,3.0,1.4224985043207805,3
114.0,2.0,256.0,0.05,leaky_relu,3.0,1.4791250228881836,3
114.0,2.0,256.0,0.3,leaky_relu,3.0,1.4888077974319458,3
114.0,3.0,256.0,0.1,leaky_relu,1.0,0.9877832333246866,3
114.0,3.0,16.0,0.05,leaky_relu,1.0,0.9961770375569662,3
114.0,3.0,32.0,0.1,leaky_relu,1.0,1.0077703793843586,3
114.0,3.0,64.0,0.3,leaky_relu,1.0,1.032578428586324,3
114.0,3.0,128.0,0.1,leaky_relu,1.0,1.0347013076146443,3
114.0,3.0,32.0,0.0,selu,3.0,1.035825530687968,3
114.0,3.0,16.0,0.1,relu,1.0,1.0449206034342449,3
114.0,3.0,256.0,0.3,leaky_relu,3.0,1.0462254881858826,3
114.0,3.0,256.0,0.0,selu,3.0,1.0519231756528218,3
114.0,3.0,16.0,0.0,leaky_relu,1.0,1.055813153584798,3
114.0,3.0,64.0,0.0,selu,2.0,1.0591188271840413,3
114.0,3.0,256.0,0.0,selu,2.0,1.0596297184626262,3
114.0,3.0,256.0,0.3,leaky_relu,1.0,1.0656657616297405,3
114.0,3.0,128.0,0.0,selu,3.0,1.089044451713562,3
114.0,3.0,128.0,0.0,selu,2.0,1.1052934130032857,3
114.0,3.0,16.0,0.0,selu,2.0,1.1078554391860962,3
114.0,3.0,64.0,0.0,selu,3.0,1.1104027430216472,3
114.0,3.0,128.0,0.05,leaky_relu,1.0,1.113901714483897,3
114.0,3.0,64.0,0.1,leaky_relu,1.0,1.1359164317448933,3
114.0,3.0,32.0,0.0,selu,2.0,1.1407979726791382,3
120.0,0.0,256.0,0.0,selu,3.0,0.7803023258845011,3
120.0,0.0,64.0,0.0,selu,2.0,0.7921667893727621,3
120.0,0.0,128.0,0.0,selu,2.0,0.8064096967379252,3
120.0,0.0,256.0,0.0,selu,1.0,0.8064199884732565,3
120.0,0.0,32.0,0.0,selu,3.0,0.8128764828046163,3
120.0,0.0,256.0,0.0,selu,2.0,0.8159854809443156,3
120.0,0.0,64.0,0.0,selu,3.0,0.8195404211680094,3
120.0,0.0,128.0,0.0,selu,3.0,0.8431528806686401,3
120.0,0.0,32.0,0.0,selu,2.0,0.8504234552383423,3
120.0,0.0,128.0,0.0,selu,1.0,0.8572368621826172,3
120.0,0.0,16.0,0.0,selu,2.0,0.857299824555715,3
120.0,0.0,256.0,0.1,leaky_relu,3.0,0.9755494991938273,3
120.0,0.0,256.0,0.3,leaky_relu,3.0,1.010752300421397,3
120.0,0.0,256.0,0.05,leaky_relu,3.0,1.1562494039535522,3
120.0,0.0,256.0,0.0,leaky_relu,3.0,1.166935880978902,3
120.0,0.0,256.0,0.05,selu,1.0,1.2135957479476929,3
120.0,0.0,32.0,0.0,relu,3.0,1.3153047561645508,3
120.0,0.0,64.0,0.0,relu,3.0,1.3545447985331218,3
120.0,0.0,128.0,0.1,relu,3.0,1.3793851534525554,3
120.0,0.0,128.0,0.0,relu,3.0,1.4114032983779907,3
120.0,1.0,128.0,0.0,selu,2.0,0.7770187060038248,3
120.0,1.0,256.0,0.0,selu,1.0,0.7846626440684,3
120.0,1.0,64.0,0.0,selu,2.0,0.8125741481781006,3
120.0,1.0,128.0,0.0,selu,3.0,0.8276420831680298,3
120.0,1.0,32.0,0.0,selu,3.0,0.83272651831309,3
120.0,1.0,128.0,0.0,selu,1.0,0.837208072344462,3
120.0,1.0,16.0,0.0,selu,3.0,0.8378519415855408,3
120.0,1.0,64.0,0.0,selu,3.0,0.8444560368855795,3
120.0,1.0,256.0,0.0,selu,2.0,0.8502312501271566,3
120.0,1.0,256.0,0.0,selu,3.0,0.8675840497016907,3
120.0,1.0,32.0,0.0,selu,2.0,0.8752761284510294,3
120.0,1.0,32.0,0.0,selu,1.0,0.903161346912384,3
120.0,1.0,16.0,0.0,selu,2.0,0.947400708993276,3
120.0,1.0,16.0,0.0,leaky_relu,1.0,0.977191428343455,3
120.0,1.0,32.0,0.0,leaky_relu,3.0,1.0192206899325054,3
120.0,1.0,128.0,0.0,leaky_relu,2.0,1.0320266087849934,3
120.0,1.0,64.0,0.0,leaky_relu,3.0,1.0643938581148784,3
120.0,1.0,256.0,0.0,leaky_relu,2.0,1.0859277447064717,3
120.0,1.0,256.0,0.0,relu,2.0,1.092132806777954,3
120.0,1.0,128.0,0.3,leaky_relu,1.0,1.1059041023254395,3
120.0,2.0,256.0,0.0,selu,2.0,0.8915829261144003,3
120.0,2.0,256.0,0.0,selu,3.0,0.9066914916038513,3
120.0,2.0,128.0,0.0,selu,2.0,0.9094050327936808,3
120.0,2.0,64.0,0.0,selu,3.0,0.9401051998138428,3
120.0,2.0,32.0,0.0,selu,3.0,0.9405797918637594,3
120.0,2.0,128.0,0.0,selu,3.0,0.9423559705416361,3
120.0,2.0,64.0,0.0,selu,2.0,0.9471365610758463,3
120.0,2.0,256.0,0.0,selu,1.0,0.9490038156509399,3
120.0,2.0,16.0,0.3,leaky_relu,1.0,1.1691852410634358,3
120.0,2.0,128.0,0.0,leaky_relu,2.0,1.300228516260783,3
120.0,2.0,128.0,0.0,leaky_relu,3.0,1.326752503712972,3
120.0,2.0,256.0,0.0,leaky_relu,2.0,1.3446474075317383,3
120.0,2.0,128.0,0.05,leaky_relu,3.0,1.3484041690826416,3
120.0,2.0,256.0,0.1,leaky_relu,3.0,1.3809003432591755,3
120.0,2.0,64.0,0.3,leaky_relu,3.0,1.3938862880071003,3
120.0,2.0,256.0,0.05,leaky_relu,3.0,1.4183374245961506,3
120.0,2.0,128.0,0.3,leaky_relu,3.0,1.420017123222351,3
120.0,2.0,128.0,0.1,leaky_relu,3.0,1.4300137360890706,3
120.0,2.0,256.0,0.0,leaky_relu,3.0,1.4322067499160767,3
120.0,2.0,16.0,0.3,leaky_relu,2.0,1.4882540305455525,3
120.0,3.0,16.0,0.1,leaky_relu,1.0,1.0544466972351074,3
120.0,3.0,256.0,0.0,leaky_relu,1.0,1.068309982617696,3
120.0,3.0,64.0,0.0,selu,3.0,1.074748973051707,3
120.0,3.0,32.0,0.0,selu,2.0,1.0796159903208415,3
120.0,3.0,256.0,0.0,selu,2.0,1.0822277267773945,3
120.0,3.0,16.0,0.0,leaky_relu,1.0,1.0843337774276733,3
120.0,3.0,32.0,0.0,selu,3.0,1.0926433006922405,3
120.0,3.0,16.0,0.0,selu,3.0,1.0944237510363262,3
120.0,3.0,16.0,0.0,selu,2.0,1.097825527191162,3
120.0,3.0,256.0,0.0,selu,3.0,1.1000946760177612,3
120.0,3.0,64.0,0.0,selu,2.0,1.1112760106722515,3
120.0,3.0,64.0,0.3,leaky_relu,1.0,1.1177139679590862,3
120.0,3.0,128.0,0.0,leaky_relu,1.0,1.1204723517100017,3
120.0,3.0,32.0,0.3,leaky_relu,1.0,1.1265088319778442,3
120.0,3.0,128.0,0.05,leaky_relu,1.0,1.152212381362915,3
120.0,3.0,16.0,0.05,leaky_relu,1.0,1.1548266013463337,3
120.0,3.0,128.0,0.0,selu,3.0,1.1662910381952922,3
120.0,3.0,32.0,0.0,leaky_relu,1.0,1.1664008895556133,3
120.0,3.0,16.0,0.0,selu,1.0,1.1708060105641682,3
120.0,3.0,16.0,0.0,relu,1.0,1.1753788391749065,3
